utc,original_seconds,action,raw_input
2026-10-05T12:56:25.1660425Z,-0.679,native-uia-invoke,actions.jsonl:1
2026-10-05T12:56:25.7730406Z,-0.072,activate-observed-native-window,raw-actions.log:1
2026-10-05T12:57:00.2487633Z,34.403,native-uia-observed-pointer-click,actions.jsonl:2
2026-10-05T12:57:01.1529707Z,35.308,native-uia-invoke,actions.jsonl:3
2026-10-05T12:57:22.1783863Z,56.333,native-uia-invoke,actions.jsonl:4
2026-10-05T12:57:22.7901547Z,56.945,activate-observed-native-window,raw-actions.log:2
2026-10-05T12:57:44.2973309Z,78.452,native-uia-invoke,actions.jsonl:5
2026-10-05T12:58:17.0037573Z,111.158,native-uia-observed-pointer-click,actions.jsonl:6
2026-10-05T12:58:35.5332485Z,129.688,native-uia-observed-pointer-click,actions.jsonl:7
2026-10-05T13:00:13.0073940Z,227.162,SendInput actual virtual-desktop drag,raw-actions.log:3
2026-10-05T13:00:17.4852868Z,231.64,native-uia-setfocus,raw-actions.log:5
2026-10-05T13:00:17.5601834Z,231.715,physical-scancode-chord,raw-actions.log:6
2026-10-05T13:00:18.0727250Z,232.227,physical-scancode-chord,raw-actions.log:7
2026-10-05T13:00:18.4718415Z,232.626,physical-scancode-chord,raw-actions.log:8
2026-10-05T13:00:18.9606478Z,233.115,physical-scancode-chord,raw-actions.log:9
2026-10-05T13:01:05.6462868Z,279.801,bookmark,actions.jsonl:8
2026-10-05T13:01:06.5259622Z,280.681,native-uia-observed-pointer-click,actions.jsonl:9
2026-10-05T13:01:07.0785590Z,281.233,native-uia-observed-pointer-click,actions.jsonl:10
2026-10-05T13:01:07.8628952Z,282.017,activate-observed-native-window,raw-actions.log:10
2026-10-05T13:01:07.9589984Z,282.114,physical-scancode-chord,raw-actions.log:11
2026-10-05T13:01:57.7002183Z,331.855,os-client-area-animation,raw-actions.log:12
2026-10-05T13:01:58.1876253Z,332.342,observed-unicode-SendInput,raw-actions.log:13
2026-10-05T13:01:58.7461519Z,332.901,observed-text-value-after-input,raw-actions.log:14
2026-10-05T13:01:59.1702404Z,333.325,native-uia-setfocus,raw-actions.log:15
2026-10-05T13:01:59.2461950Z,333.401,physical-scancode-chord,raw-actions.log:16
2026-10-05T13:02:00.4410714Z,334.596,physical-scancode-chord,raw-actions.log:17
2026-10-05T13:02:01.4859737Z,335.641,physical-scancode-chord,raw-actions.log:18
2026-10-05T13:02:02.5164284Z,336.671,physical-scancode-chord,raw-actions.log:19
2026-10-05T13:03:09.8018583Z,403.956,bookmark,actions.jsonl:11
2026-10-05T13:03:10.7078237Z,404.862,activate-observed-native-window,raw-actions.log:20
2026-10-05T13:03:10.9513081Z,405.106,physical-scancode-chord,raw-actions.log:21
2026-10-05T13:03:12.4929549Z,406.648,os-client-area-animation,raw-actions.log:22
2026-10-05T13:03:12.4997200Z,406.654,physical-scancode-chord,raw-actions.log:23
2026-10-05T13:03:13.2784720Z,407.433,observed-unicode-SendInput,raw-actions.log:24
2026-10-05T13:03:13.8273652Z,407.982,observed-text-value-after-input,raw-actions.log:25
2026-10-05T13:03:14.2627128Z,408.417,native-uia-setfocus,raw-actions.log:26
2026-10-05T13:03:14.2697183Z,408.424,physical-scancode-chord,raw-actions.log:27
2026-10-05T13:03:15.2984636Z,409.453,physical-scancode-chord,raw-actions.log:28
2026-10-05T13:03:16.3198563Z,410.474,physical-scancode-chord,raw-actions.log:29
2026-10-05T13:03:17.4154013Z,411.57,physical-scancode-chord,raw-actions.log:30
2026-10-05T13:03:18.5662903Z,412.721,activate-observed-native-window,raw-actions.log:31
2026-10-05T13:03:18.6456567Z,412.8,native-uia-observed-pointer-click,actions.jsonl:12
2026-10-05T13:03:19.5128384Z,413.667,native-uia-invoke,actions.jsonl:13
2026-10-05T13:03:57.6966336Z,451.851,native-uia-observed-pointer-click,actions.jsonl:14
2026-10-05T13:03:58.8854637Z,453.04,native-uia-observed-pointer-click,actions.jsonl:15
2026-10-05T13:04:49.9988177Z,504.153,SendInput actual virtual-desktop drag,raw-actions.log:32
2026-10-05T13:04:54.2544515Z,508.409,native-uia-setfocus,raw-actions.log:34
2026-10-05T13:04:54.3440884Z,508.499,physical-scancode-chord,raw-actions.log:35
2026-10-05T13:04:54.8519008Z,509.006,physical-scancode-chord,raw-actions.log:36
2026-10-05T13:04:55.2402314Z,509.395,physical-scancode-chord,raw-actions.log:37
2026-10-05T13:04:55.7272191Z,509.882,physical-scancode-chord,raw-actions.log:38
2026-10-05T13:04:56.5785237Z,510.733,native-uia-observed-pointer-click,actions.jsonl:16
2026-10-05T13:04:57.0814558Z,511.236,native-uia-observed-pointer-click,actions.jsonl:17
2026-10-05T13:04:57.8863801Z,512.041,os-client-area-animation,raw-actions.log:39
2026-10-05T13:04:57.8936490Z,512.048,physical-scancode-chord,raw-actions.log:40
2026-10-05T13:05:27.5481650Z,541.703,os-client-area-animation,raw-actions.log:41
2026-10-05T13:05:28.0264023Z,542.181,observed-unicode-SendInput,raw-actions.log:42
2026-10-05T13:05:28.5770520Z,542.732,observed-text-value-after-input,raw-actions.log:43
2026-10-05T13:05:29.0172677Z,543.172,native-uia-setfocus,raw-actions.log:44
2026-10-05T13:05:29.0923879Z,543.247,physical-scancode-chord,raw-actions.log:45
2026-10-05T13:05:30.1721305Z,544.327,physical-scancode-chord,raw-actions.log:46
2026-10-05T13:05:31.1040915Z,545.259,physical-scancode-chord,raw-actions.log:47
2026-10-05T13:05:32.1888831Z,546.343,physical-scancode-chord,raw-actions.log:48
2026-10-05T13:05:33.2898442Z,547.444,os-client-area-animation,raw-actions.log:49
2026-10-05T13:05:33.2958360Z,547.45,physical-scancode-chord,raw-actions.log:50
2026-10-05T13:05:33.9233517Z,548.078,observed-unicode-SendInput,raw-actions.log:51
2026-10-05T13:05:34.4800933Z,548.635,observed-text-value-after-input,raw-actions.log:52
2026-10-05T13:05:34.8457751Z,549.0,native-uia-setfocus,raw-actions.log:53
2026-10-05T13:05:34.8506845Z,549.005,physical-scancode-chord,raw-actions.log:54
2026-10-05T13:05:35.7433190Z,549.898,physical-scancode-chord,raw-actions.log:55
2026-10-05T13:05:36.6357122Z,550.79,physical-scancode-chord,raw-actions.log:56
2026-10-05T13:05:37.5838184Z,551.738,physical-scancode-chord,raw-actions.log:57
2026-10-05T13:06:11.9345911Z,586.089,activate-observed-native-window,raw-actions.log:58
2026-10-05T13:06:12.1780827Z,586.333,physical-scancode-chord,raw-actions.log:59
2026-10-05T13:08:01.8102784Z,695.965,SendInput actual virtual-desktop drag,raw-actions.log:60
2026-10-05T13:08:05.4176237Z,699.572,os-client-area-animation,raw-actions.log:62
2026-10-05T13:08:06.1090750Z,700.264,native-uia-observed-pointer-click,actions.jsonl:18
2026-10-05T13:08:07.2835333Z,701.438,native-uia-observed-pointer-click,actions.jsonl:19
2026-10-05T13:08:08.0776485Z,702.232,native-uia-observed-pointer-click,actions.jsonl:20
2026-10-05T13:08:08.6138186Z,702.768,physical-scancode-chord,raw-actions.log:63
2026-10-05T13:08:09.2315143Z,703.386,native-uia-observed-pointer-click,actions.jsonl:21
2026-10-05T13:08:10.7432637Z,704.898,os-client-area-animation,raw-actions.log:64
2026-10-05T13:08:11.0075739Z,705.162,native-uia-observed-pointer-click,actions.jsonl:22
2026-10-05T13:08:12.1103397Z,706.265,native-uia-observed-pointer-click,actions.jsonl:23
2026-10-05T13:08:12.8695648Z,707.024,native-uia-observed-pointer-click,actions.jsonl:24
2026-10-05T13:08:13.3267614Z,707.481,physical-scancode-chord,raw-actions.log:65
2026-10-05T13:08:13.9315356Z,708.086,native-uia-observed-pointer-click,actions.jsonl:25
2026-10-05T13:09:06.8944033Z,761.049,SendInput actual virtual-desktop drag,raw-actions.log:66
2026-10-05T13:09:10.5225766Z,764.677,os-client-area-animation,raw-actions.log:68
2026-10-05T13:09:11.1206773Z,765.275,native-uia-observed-pointer-click,actions.jsonl:26
2026-10-05T13:09:12.3010693Z,766.456,native-uia-observed-pointer-click,actions.jsonl:27
2026-10-05T13:09:13.0875657Z,767.242,native-uia-observed-pointer-click,actions.jsonl:28
2026-10-05T13:09:13.6279539Z,767.783,physical-scancode-chord,raw-actions.log:69
2026-10-05T13:09:14.2296371Z,768.384,native-uia-observed-pointer-click,actions.jsonl:29
2026-10-05T13:09:15.7468578Z,769.901,os-client-area-animation,raw-actions.log:70
2026-10-05T13:09:16.0243786Z,770.179,native-uia-observed-pointer-click,actions.jsonl:30
2026-10-05T13:09:17.1078897Z,771.262,native-uia-observed-pointer-click,actions.jsonl:31
2026-10-05T13:09:17.8683884Z,772.023,native-uia-observed-pointer-click,actions.jsonl:32
2026-10-05T13:09:18.3404581Z,772.495,physical-scancode-chord,raw-actions.log:71
2026-10-05T13:09:18.9414087Z,773.096,native-uia-observed-pointer-click,actions.jsonl:33
2026-10-05T13:09:20.2879034Z,774.442,os-client-area-animation,raw-actions.log:72
2026-10-05T13:13:47.6824282Z,1041.837,native-uia-invoke,actions.jsonl:34
