utc,original,approx_original_offset_s,action,target,input_text
2026-10-05T03:44:25.3893220Z,not recorded,,targeted ordinary version-change process termination,,
2026-10-05T03:44:25.5064896Z,not recorded,,launch verified interactive CI953 candidate,,
2026-10-05T03:44:49.8511378Z,not recorded,,activate-observed-native-window,,
2026-10-05T03:45:17.7978295Z,not recorded,,native-uia-invoke,Open,
2026-10-05T03:45:55.4473513Z,not recorded,,os-client-area-animation,,
2026-10-05T03:45:55.7888334Z,2026-10-05 06-45-55.mkv,0.0,native-uia-invoke,Start Recording,
2026-10-05T03:45:57.2466508Z,2026-10-05 06-45-55.mkv,1.458,activate-observed-native-window,,
2026-10-05T03:45:57.4556796Z,2026-10-05 06-45-55.mkv,1.667,SendInput actual virtual-desktop drag,,
2026-10-05T03:46:56.5469836Z,2026-10-05 06-45-55.mkv,60.758,SendInput actual virtual-desktop drag,,
2026-10-05T03:47:35.2964871Z,2026-10-05 06-45-55.mkv,99.508,SendInput actual virtual-desktop drag,,
2026-10-05T03:48:05.0095322Z,2026-10-05 06-45-55.mkv,129.221,SendInput actual drag with Escape during hold,,
2026-10-05T03:48:08.6214786Z,2026-10-05 06-45-55.mkv,132.833,os-client-area-animation,,
2026-10-05T03:48:45.2414334Z,2026-10-05 06-45-55.mkv,169.453,SendInput actual virtual-desktop drag,,
2026-10-05T03:48:49.5670696Z,2026-10-05 06-45-55.mkv,173.778,native-uia-setfocus,Edit task title: M7 PR234 CI950 beta lane move and queue,
2026-10-05T06:38:47.3726625Z,2026-10-05 06-45-55.mkv,10371.584,activate-observed-native-window,,
2026-10-05T06:38:47.9416115Z,2026-10-05 06-45-55.mkv,10372.153,native-uia-setfocus,Edit task title: M7 PR234 CI950 beta lane move and queue,
2026-10-05T06:39:02.0742085Z,2026-10-05 06-45-55.mkv,10386.285,native-uia-observed-pointer-click,Task actions,
2026-10-05T06:39:15.6918576Z,2026-10-05 06-45-55.mkv,10399.903,native-uia-observed-pointer-click,Delete,
2026-10-05T06:39:29.0772350Z,2026-10-05 06-45-55.mkv,10413.288,native-uia-observed-pointer-click,Cancel permanent task deletion,
2026-10-05T06:39:29.7312019Z,2026-10-05 06-45-55.mkv,10413.942,physical-scancode-chord,Escape,
2026-10-05T06:39:30.1978960Z,2026-10-05 06-45-55.mkv,10414.409,native-uia-invoke,Stop Recording,
2026-10-05T06:40:15.0371634Z,2026-10-05 09-40-15.mkv,0.0,native-uia-invoke,Start Recording,
2026-10-05T06:40:15.4719390Z,2026-10-05 09-40-15.mkv,0.435,os-client-area-animation,,
2026-10-05T06:40:15.8777433Z,2026-10-05 09-40-15.mkv,0.841,native-uia-setfocus,Edit task title: M7 PR234 CI950 beta lane move and queue,
2026-10-05T06:40:15.9111843Z,2026-10-05 09-40-15.mkv,0.874,native-uia-observed-pointer-click,Task actions,
2026-10-05T06:40:16.4224154Z,2026-10-05 09-40-15.mkv,1.385,native-uia-observed-pointer-click,Delete,
2026-10-05T06:40:56.4279533Z,2026-10-05 09-40-15.mkv,41.391,physical-scancode-chord,Escape,
2026-10-05T06:40:57.0689898Z,2026-10-05 09-40-15.mkv,42.032,native-uia-invoke,Edit Est: —,
2026-10-05T06:41:20.5041214Z,2026-10-05 09-40-15.mkv,65.467,native-uia-invoke,Cancel metric edit,
2026-10-05T06:41:20.8586352Z,2026-10-05 09-40-15.mkv,65.821,native-uia-invoke,Edit Taken: 0m,
2026-10-05T06:41:21.7775771Z,2026-10-05 09-40-15.mkv,66.74,physical-scancode-chord,Escape,
2026-10-05T06:41:22.3805092Z,2026-10-05 09-40-15.mkv,67.343,os-client-area-animation,,
2026-10-05T06:41:22.4132735Z,2026-10-05 09-40-15.mkv,67.376,native-uia-invoke,Edit Est: —,
2026-10-05T06:41:23.0244503Z,2026-10-05 09-40-15.mkv,67.987,native-uia-invoke,Cancel metric edit,
2026-10-05T06:41:23.3378805Z,2026-10-05 09-40-15.mkv,68.301,native-uia-invoke,Edit Taken: 0m,
2026-10-05T06:41:23.9655455Z,2026-10-05 09-40-15.mkv,68.928,physical-scancode-chord,Escape,
2026-10-05T06:41:55.3679342Z,2026-10-05 09-40-15.mkv,100.331,native-uia-setfocus,Edit task title: M7 PR234 CI950 beta lane move and queue,
2026-10-05T06:41:57.6539763Z,2026-10-05 09-40-15.mkv,102.617,physical-scancode-chord,Enter,
2026-10-05T06:42:22.3464289Z,2026-10-05 09-40-15.mkv,127.309,physical-scancode-chord,Alt+Right,
2026-10-05T06:42:49.2173851Z,2026-10-05 09-40-15.mkv,154.18,native-uia-setfocus,○M7 PR234 CI950 beta lane move and queueM7 PR234 CI950…Schedule / RepeatEst:—Taken:0mAdd notesSubtasks,
2026-10-05T06:42:49.4733079Z,2026-10-05 09-40-15.mkv,154.436,physical-scancode-chord,Alt+Right,
2026-10-05T06:43:08.1892011Z,2026-10-05 09-40-15.mkv,173.152,os-client-area-animation,,
2026-10-05T06:43:08.5590653Z,2026-10-05 09-40-15.mkv,173.522,SendInput actual virtual-desktop drag,,
2026-10-05T06:43:31.1718994Z,2026-10-05 09-40-15.mkv,196.135,physical-scancode-chord,Ctrl+Shift+T,
2026-10-05T06:43:46.2678857Z,2026-10-05 09-40-15.mkv,211.231,native-uia-invoke,Home,
2026-10-05T06:44:15.2519574Z,2026-10-05 09-40-15.mkv,240.215,scoped-main-WM_CLOSE,,
2026-10-05T06:44:31.6140663Z,2026-10-05 09-40-15.mkv,256.577,activate-observed-native-window,,
2026-10-05T06:44:58.6902726Z,2026-10-05 09-40-15.mkv,283.653,native-uia-invoke,Open,
2026-10-05T06:44:59.2585745Z,2026-10-05 09-40-15.mkv,284.221,SendInput actual virtual-desktop drag,,
2026-10-05T06:45:02.9444485Z,2026-10-05 09-40-15.mkv,287.907,native-uia-setfocus,Edit task title: M7 PR234 CI950 beta lane move and queue,
2026-10-05T06:45:02.9723253Z,2026-10-05 09-40-15.mkv,287.935,native-uia-observed-pointer-click,Task actions,
2026-10-05T06:45:03.4992856Z,2026-10-05 09-40-15.mkv,288.462,native-uia-observed-pointer-click,Delete,
2026-10-05T06:45:04.4186139Z,2026-10-05 09-40-15.mkv,289.381,native-uia-observed-pointer-click,Cancel permanent task deletion,
2026-10-05T06:45:04.9394447Z,2026-10-05 09-40-15.mkv,289.902,physical-scancode-chord,Escape,
2026-10-05T06:45:05.3584394Z,2026-10-05 09-40-15.mkv,290.321,native-uia-invoke,Settings,
2026-10-05T06:45:20.0404798Z,2026-10-05 09-40-15.mkv,305.003,native-uia-invoke,Refresh displays,
2026-10-05T06:45:36.0464938Z,2026-10-05 09-40-15.mkv,321.009,native-uia-selection,Primary display (automatic),
2026-10-05T06:45:36.2737119Z,2026-10-05 09-40-15.mkv,321.237,physical-scancode-chord,Ctrl+Shift+T,
2026-10-05T06:46:04.4025514Z,2026-10-05 09-40-15.mkv,349.365,native-uia-invoke,All my lists,
2026-10-05T06:46:31.9490378Z,2026-10-05 09-40-15.mkv,376.912,physical-mouse-wheel,,
2026-10-05T06:46:45.2048315Z,2026-10-05 09-40-15.mkv,390.168,native-uia-invoke,Blitz now,
2026-10-05T06:47:09.6621122Z,2026-10-05 09-40-15.mkv,414.625,native-uia-invoke,Settings,
2026-10-05T06:47:10.5380110Z,2026-10-05 09-40-15.mkv,415.501,physical-scancode-chord,Up,
2026-10-05T06:47:10.9373877Z,2026-10-05 09-40-15.mkv,415.9,physical-scancode-chord,Enter,
2026-10-05T06:47:48.1837322Z,2026-10-05 09-40-15.mkv,453.147,actual-pointer-select-observed-monitor-option,Primary display (automatic),
2026-10-05T06:47:48.3389403Z,2026-10-05 09-40-15.mkv,453.302,physical-scancode-chord,Ctrl+Shift+T,
2026-10-05T06:48:33.3628612Z,2026-10-05 09-40-15.mkv,498.326,actual-pointer-select-current-display,,
2026-10-05T06:48:33.4614732Z,2026-10-05 09-40-15.mkv,498.424,physical-scancode-chord,Ctrl+Shift+T,
2026-10-05T06:48:47.2079756Z,2026-10-05 09-40-15.mkv,512.171,activate-observed-native-window,,
2026-10-05T06:48:47.4516601Z,2026-10-05 09-40-15.mkv,512.414,physical-scancode-chord,Ctrl+Shift+T,
2026-10-05T06:49:06.2911964Z,2026-10-05 09-40-15.mkv,531.254,physical-mouse-wheel,,
2026-10-05T06:49:27.8965393Z,2026-10-05 09-40-15.mkv,552.859,physical-mouse-wheel,,
2026-10-05T06:49:59.7000815Z,2026-10-05 09-40-15.mkv,584.663,os-client-area-animation,,
2026-10-05T06:50:01.2957583Z,2026-10-05 09-40-15.mkv,586.259,physical-mouse-wheel,,
2026-10-05T06:50:36.2986379Z,2026-10-05 09-40-15.mkv,621.261,physical-mouse-wheel,,
2026-10-05T06:50:53.2397624Z,2026-10-05 09-40-15.mkv,638.203,native-uia-observed-pointer-click,More actions for M7 PR234 CI950 beta lane move and queue,
2026-10-05T06:50:54.4592270Z,2026-10-05 09-40-15.mkv,639.422,physical-scancode-chord,Escape,
2026-10-05T06:50:55.2632900Z,2026-10-05 09-40-15.mkv,640.226,native-uia-setfocus,Focus queue,
2026-10-05T06:50:55.2722704Z,2026-10-05 09-40-15.mkv,640.235,physical-scancode-chord,Ctrl+End,
2026-10-05T06:51:22.8396132Z,2026-10-05 09-40-15.mkv,667.802,os-client-area-animation,,
2026-10-05T06:51:23.0932571Z,2026-10-05 09-40-15.mkv,668.056,physical-scancode-chord,Ctrl+Home,
2026-10-05T06:51:23.7685072Z,2026-10-05 09-40-15.mkv,668.731,native-uia-invoke,Edit EST: 0:30:00,
2026-10-05T06:51:58.8136912Z,2026-10-05 09-40-15.mkv,703.777,native-uia-invoke,Cancel EST edit,
2026-10-05T06:51:59.1640928Z,2026-10-05 09-40-15.mkv,704.127,native-uia-invoke,Edit Time Taken: 0:14:06,
2026-10-05T06:52:00.1228798Z,2026-10-05 09-40-15.mkv,705.086,physical-scancode-chord,Escape,
2026-10-05T06:52:00.7246050Z,2026-10-05 09-40-15.mkv,705.687,os-client-area-animation,,
2026-10-05T06:52:00.7584390Z,2026-10-05 09-40-15.mkv,705.721,native-uia-invoke,Edit EST: 0:30:00,
2026-10-05T06:52:01.3815909Z,2026-10-05 09-40-15.mkv,706.344,native-uia-invoke,Cancel EST edit,
2026-10-05T06:52:01.6986611Z,2026-10-05 09-40-15.mkv,706.661,native-uia-invoke,Edit Time Taken: 0:14:06,
2026-10-05T06:52:02.3049488Z,2026-10-05 09-40-15.mkv,707.268,physical-scancode-chord,Escape,
2026-10-05T06:52:02.7300441Z,2026-10-05 09-40-15.mkv,707.693,native-uia-observed-pointer-click,Notes,
2026-10-05T06:52:28.4913108Z,2026-10-05 09-40-15.mkv,733.454,native-uia-observed-pointer-click,Open larger notes editor,
2026-10-05T06:52:29.7440667Z,2026-10-05 09-40-15.mkv,734.707,physical-scancode-chord,Escape,
2026-10-05T06:52:30.1428685Z,2026-10-05 09-40-15.mkv,735.106,physical-scancode-chord,Escape,
2026-10-05T06:52:30.5572233Z,2026-10-05 09-40-15.mkv,735.52,native-uia-invoke,Compact view,
2026-10-05T06:52:30.8645188Z,2026-10-05 09-40-15.mkv,735.827,native-uia-observed-pointer-click,Expand Floating Timer,
2026-10-05T06:53:08.9889338Z,2026-10-05 09-40-15.mkv,773.952,observed physical hover,Start break,
2026-10-05T06:53:10.0718062Z,2026-10-05 09-40-15.mkv,775.035,observed physical hover,Notes,
2026-10-05T06:53:10.9314966Z,2026-10-05 09-40-15.mkv,775.894,observed physical hover,Resume,
2026-10-05T06:53:11.7505742Z,2026-10-05 09-40-15.mkv,776.713,observed physical hover,Skip task,
2026-10-05T06:53:12.5227160Z,2026-10-05 09-40-15.mkv,777.486,observed physical hover,Complete task,
2026-10-05T06:53:13.2858549Z,2026-10-05 09-40-15.mkv,778.249,observed physical hover,Return to Focus Panel,
2026-10-05T06:53:13.9548792Z,2026-10-05 09-40-15.mkv,778.918,native-uia-observed-pointer-click,Notes,
2026-10-05T06:53:14.7180144Z,2026-10-05 09-40-15.mkv,779.681,physical-scancode-chord,Escape,
2026-10-05T06:53:15.2083936Z,2026-10-05 09-40-15.mkv,780.171,os-client-area-animation,,
2026-10-05T06:53:15.2346018Z,2026-10-05 09-40-15.mkv,780.197,native-uia-invoke,Return to Focus Panel,
2026-10-05T06:53:56.8497442Z,2026-10-05 09-40-15.mkv,821.813,native-uia-observed-pointer-click,Notes,
2026-10-05T06:53:57.4111737Z,2026-10-05 09-40-15.mkv,822.374,native-uia-observed-pointer-click,Open larger notes editor,
2026-10-05T06:53:58.5244399Z,2026-10-05 09-40-15.mkv,823.487,physical-scancode-chord,Escape,
2026-10-05T06:53:58.9266005Z,2026-10-05 09-40-15.mkv,823.889,physical-scancode-chord,Escape,
2026-10-05T06:53:59.3466873Z,2026-10-05 09-40-15.mkv,824.31,native-uia-invoke,Compact view,
2026-10-05T06:53:59.9580491Z,2026-10-05 09-40-15.mkv,824.921,native-uia-observed-pointer-click,Expand Floating Timer,
2026-10-05T06:54:00.9432424Z,2026-10-05 09-40-15.mkv,825.906,observed physical hover,Start break,
2026-10-05T06:54:01.8840628Z,2026-10-05 09-40-15.mkv,826.847,observed physical hover,Notes,
2026-10-05T06:54:02.6966822Z,2026-10-05 09-40-15.mkv,827.66,observed physical hover,Resume,
2026-10-05T06:54:03.4907631Z,2026-10-05 09-40-15.mkv,828.454,observed physical hover,Skip task,
2026-10-05T06:54:04.2832140Z,2026-10-05 09-40-15.mkv,829.246,observed physical hover,Complete task,
2026-10-05T06:54:05.0690797Z,2026-10-05 09-40-15.mkv,830.032,observed physical hover,Return to Focus Panel,
2026-10-05T06:54:05.6658545Z,2026-10-05 09-40-15.mkv,830.629,native-uia-observed-pointer-click,Notes,
2026-10-05T06:54:29.9498880Z,2026-10-05 09-40-15.mkv,854.913,physical-scancode-chord,Escape,
2026-10-05T06:54:30.5932651Z,2026-10-05 09-40-15.mkv,855.556,native-uia-observed-pointer-click,Collapse Floating Timer,
2026-10-05T06:55:02.1220467Z,2026-10-05 09-40-15.mkv,887.085,SendInput actual virtual-desktop drag,,
2026-10-05T06:55:05.9620284Z,2026-10-05 09-40-15.mkv,890.925,physical-scancode-chord,Ctrl+Shift+P,
2026-10-05T06:55:07.0181137Z,2026-10-05 09-40-15.mkv,891.981,os-client-area-animation,,
2026-10-05T06:55:07.0294357Z,2026-10-05 09-40-15.mkv,891.992,physical-scancode-chord,Ctrl+Shift+P,
2026-10-05T06:55:07.8507109Z,2026-10-05 09-40-15.mkv,892.814,physical-scancode-chord,Ctrl+Shift+T,
2026-10-05T06:55:08.8211537Z,2026-10-05 09-40-15.mkv,893.784,os-client-area-animation,,
2026-10-05T06:55:08.9363061Z,2026-10-05 09-40-15.mkv,893.899,native-uia-invoke,Stop Recording,
2026-10-05T06:58:22.4361980Z,not recorded,,physical-mouse-wheel,,
2026-10-05T06:58:44.4372525Z,not recorded,,physical-mouse-wheel,,
2026-10-05T06:59:24.2623740Z,not recorded,,physical-mouse-wheel,,
2026-10-05T06:59:25.5983521Z,not recorded,,physical-mouse-wheel,,
2026-10-05T07:00:02.8778594Z,not recorded,,windows-physical-scale-selection,,
2026-10-05T07:01:02.9562916Z,not recorded,,activate-observed-native-window,,
2026-10-05T07:01:03.5353142Z,not recorded,,native-uia-invoke,Home,
2026-10-05T07:01:03.8654369Z,not recorded,,native-uia-invoke,Open,
2026-10-05T07:01:04.6400415Z,2026-10-05 10-01-04.mkv,0.0,native-uia-invoke,Start Recording,
2026-10-05T07:02:06.5265628Z,2026-10-05 10-01-04.mkv,61.887,activate-observed-native-window,,
2026-10-05T07:02:06.8841928Z,2026-10-05 10-01-04.mkv,62.244,SendInput actual virtual-desktop drag,,
2026-10-05T07:02:10.6684791Z,2026-10-05 10-01-04.mkv,66.028,SendInput actual virtual-desktop drag,,
2026-10-05T07:02:56.5577230Z,2026-10-05 10-01-04.mkv,111.918,os-client-area-animation,,
2026-10-05T07:02:57.7375922Z,2026-10-05 10-01-04.mkv,113.098,native-uia-setfocus,Edit task title: M7 PR234 CI950 beta lane move and queue,
2026-10-05T07:02:57.8316039Z,2026-10-05 10-01-04.mkv,113.192,native-uia-observed-pointer-click,Task actions,
2026-10-05T07:02:58.3482879Z,2026-10-05 10-01-04.mkv,113.708,native-uia-observed-pointer-click,Delete,
2026-10-05T07:02:59.3203743Z,2026-10-05 10-01-04.mkv,114.68,native-uia-observed-pointer-click,Cancel permanent task deletion,
2026-10-05T07:02:59.8698862Z,2026-10-05 10-01-04.mkv,115.23,physical-scancode-chord,Escape,
2026-10-05T07:03:00.3175956Z,2026-10-05 10-01-04.mkv,115.678,native-uia-invoke,Edit Est: —,
2026-10-05T07:03:00.9068346Z,2026-10-05 10-01-04.mkv,116.267,physical-scancode-chord,Escape,
2026-10-05T07:03:01.3287621Z,2026-10-05 10-01-04.mkv,116.689,native-uia-invoke,Edit Taken: 0m,
2026-10-05T07:03:01.9073270Z,2026-10-05 10-01-04.mkv,117.267,physical-scancode-chord,Escape,
2026-10-05T07:03:02.4753162Z,2026-10-05 10-01-04.mkv,117.835,os-client-area-animation,,
2026-10-05T07:03:03.1952831Z,2026-10-05 10-01-04.mkv,118.555,native-uia-setfocus,Edit task title: M7 PR234 CI950 beta lane move and queue,
2026-10-05T07:03:03.2207485Z,2026-10-05 10-01-04.mkv,118.581,native-uia-observed-pointer-click,Task actions,
2026-10-05T07:03:03.7147075Z,2026-10-05 10-01-04.mkv,119.075,native-uia-observed-pointer-click,Delete,
2026-10-05T07:03:04.4888772Z,2026-10-05 10-01-04.mkv,119.849,native-uia-observed-pointer-click,Cancel permanent task deletion,
2026-10-05T07:03:04.9538505Z,2026-10-05 10-01-04.mkv,120.314,physical-scancode-chord,Escape,
2026-10-05T07:03:05.3664146Z,2026-10-05 10-01-04.mkv,120.726,native-uia-invoke,Edit Est: —,
2026-10-05T07:03:05.9340254Z,2026-10-05 10-01-04.mkv,121.294,physical-scancode-chord,Escape,
2026-10-05T07:03:06.3555273Z,2026-10-05 10-01-04.mkv,121.715,native-uia-invoke,Edit Taken: 0m,
2026-10-05T07:03:06.9057880Z,2026-10-05 10-01-04.mkv,122.266,physical-scancode-chord,Escape,
2026-10-05T07:03:07.4046511Z,2026-10-05 10-01-04.mkv,122.765,SendInput actual virtual-desktop drag,,
2026-10-05T07:04:06.8324122Z,2026-10-05 10-01-04.mkv,182.192,SendInput actual drag with Escape during hold,,
2026-10-05T07:04:37.8835339Z,2026-10-05 10-01-04.mkv,213.243,native-uia-setfocus,○M7 PR234 CI950 beta lane move and queueM7 PR234 CI950 beta lane mo…Schedule / RepeatEst:—Taken:0mAdd notesSubtasks,
2026-10-05T07:04:38.1402719Z,2026-10-05 10-01-04.mkv,213.5,physical-scancode-chord,Alt+Right,
2026-10-05T07:04:39.4579130Z,2026-10-05 10-01-04.mkv,214.818,activate-observed-native-window,,
2026-10-05T07:05:41.9968297Z,2026-10-05 10-01-04.mkv,277.357,os-client-area-animation,,
2026-10-05T07:05:42.3604375Z,2026-10-05 10-01-04.mkv,277.72,native-uia-invoke,Edit EST: 0:30:00,
2026-10-05T07:05:43.2645076Z,2026-10-05 10-01-04.mkv,278.624,physical-scancode-chord,Escape,
2026-10-05T07:05:43.6964803Z,2026-10-05 10-01-04.mkv,279.056,native-uia-invoke,Edit Time Taken: 0:14:06,
2026-10-05T07:05:44.3161705Z,2026-10-05 10-01-04.mkv,279.676,physical-scancode-chord,Escape,
2026-10-05T07:05:44.7327276Z,2026-10-05 10-01-04.mkv,280.093,native-uia-observed-pointer-click,Notes,
2026-10-05T07:05:45.2378747Z,2026-10-05 10-01-04.mkv,280.598,native-uia-observed-pointer-click,Open larger notes editor,
2026-10-05T07:05:46.1432250Z,2026-10-05 10-01-04.mkv,281.503,physical-scancode-chord,Escape,
2026-10-05T07:05:46.5357873Z,2026-10-05 10-01-04.mkv,281.896,physical-scancode-chord,Escape,
2026-10-05T07:05:47.3350853Z,2026-10-05 10-01-04.mkv,282.695,native-uia-setfocus,Focus queue,
2026-10-05T07:05:47.3884582Z,2026-10-05 10-01-04.mkv,282.748,physical-scancode-chord,Ctrl+End,
2026-10-05T07:05:48.2166868Z,2026-10-05 10-01-04.mkv,283.577,physical-scancode-chord,Ctrl+Home,
2026-10-05T07:05:49.9656117Z,2026-10-05 10-01-04.mkv,285.326,os-client-area-animation,,
2026-10-05T07:05:50.0018874Z,2026-10-05 10-01-04.mkv,285.362,native-uia-invoke,Edit EST: 0:30:00,
2026-10-05T07:05:50.6086407Z,2026-10-05 10-01-04.mkv,285.969,physical-scancode-chord,Escape,
2026-10-05T07:05:51.0287755Z,2026-10-05 10-01-04.mkv,286.389,native-uia-invoke,Edit Time Taken: 0:14:06,
2026-10-05T07:05:51.6387305Z,2026-10-05 10-01-04.mkv,286.999,physical-scancode-chord,Escape,
2026-10-05T07:05:52.0507088Z,2026-10-05 10-01-04.mkv,287.411,native-uia-observed-pointer-click,Notes,
2026-10-05T07:07:02.9764046Z,2026-10-05 10-01-04.mkv,358.336,native-uia-observed-pointer-click,Notes,
2026-10-05T07:07:03.5388726Z,2026-10-05 10-01-04.mkv,358.899,native-uia-observed-pointer-click,Open larger notes editor,
2026-10-05T07:07:04.6826483Z,2026-10-05 10-01-04.mkv,360.043,physical-scancode-chord,Escape,
2026-10-05T07:07:05.1165310Z,2026-10-05 10-01-04.mkv,360.476,native-uia-observed-pointer-click,Notes,
2026-10-05T07:07:05.9736556Z,2026-10-05 10-01-04.mkv,361.334,native-uia-setfocus,Focus queue,
2026-10-05T07:07:06.0189757Z,2026-10-05 10-01-04.mkv,361.379,physical-scancode-chord,Ctrl+End,
2026-10-05T07:07:06.8497847Z,2026-10-05 10-01-04.mkv,362.21,physical-scancode-chord,Ctrl+Home,
2026-10-05T07:08:03.9666228Z,2026-10-05 10-01-04.mkv,419.327,os-client-area-animation,,
2026-10-05T07:08:05.8113808Z,2026-10-05 10-01-04.mkv,421.171,os-client-area-animation,,
2026-10-05T07:08:07.0527274Z,2026-10-05 10-01-04.mkv,422.413,native-uia-invoke,Compact view,
2026-10-05T07:08:07.6023715Z,2026-10-05 10-01-04.mkv,422.962,native-uia-observed-pointer-click,Expand Floating Timer,
2026-10-05T07:08:08.6410086Z,2026-10-05 10-01-04.mkv,424.001,observed physical hover,Start break,
2026-10-05T07:08:09.5033585Z,2026-10-05 10-01-04.mkv,424.863,observed physical hover,Notes,
2026-10-05T07:08:10.3454870Z,2026-10-05 10-01-04.mkv,425.705,observed physical hover,Resume,
2026-10-05T07:08:11.1972546Z,2026-10-05 10-01-04.mkv,426.557,observed physical hover,Skip task,
2026-10-05T07:08:12.0246108Z,2026-10-05 10-01-04.mkv,427.385,observed physical hover,Complete task,
2026-10-05T07:08:12.8540522Z,2026-10-05 10-01-04.mkv,428.214,observed physical hover,Return to Focus Panel,
2026-10-05T07:08:13.4771371Z,2026-10-05 10-01-04.mkv,428.837,native-uia-observed-pointer-click,Notes,
2026-10-05T07:08:14.2060160Z,2026-10-05 10-01-04.mkv,429.566,native-uia-observed-pointer-click,Notes,
2026-10-05T07:08:14.6864847Z,2026-10-05 10-01-04.mkv,430.046,native-uia-invoke,Return to Focus Panel,
2026-10-05T07:09:08.9255130Z,2026-10-05 10-01-04.mkv,484.285,os-client-area-animation,,
2026-10-05T07:09:09.5492455Z,2026-10-05 10-01-04.mkv,484.909,observed physical hover,Start break,
2026-10-05T07:09:10.6301722Z,2026-10-05 10-01-04.mkv,485.99,observed physical hover,Notes,
2026-10-05T07:09:11.4838634Z,2026-10-05 10-01-04.mkv,486.844,observed physical hover,Resume,
2026-10-05T07:09:12.3130118Z,2026-10-05 10-01-04.mkv,487.673,observed physical hover,Skip task,
2026-10-05T07:09:13.1301995Z,2026-10-05 10-01-04.mkv,488.49,observed physical hover,Complete task,
2026-10-05T07:09:13.9079698Z,2026-10-05 10-01-04.mkv,489.268,observed physical hover,Return to Focus Panel,
2026-10-05T07:09:14.6083730Z,2026-10-05 10-01-04.mkv,489.968,native-uia-observed-pointer-click,Notes,
2026-10-05T07:09:15.3537883Z,2026-10-05 10-01-04.mkv,490.714,native-uia-observed-pointer-click,Notes,
2026-10-05T07:09:15.8350580Z,2026-10-05 10-01-04.mkv,491.195,native-uia-observed-pointer-click,Collapse Floating Timer,
2026-10-05T07:09:16.5965061Z,2026-10-05 10-01-04.mkv,491.956,native-uia-observed-pointer-click,Expand Floating Timer,
2026-10-05T07:09:17.3981887Z,2026-10-05 10-01-04.mkv,492.758,physical-scancode-chord,Ctrl+Shift+B,
2026-10-05T07:09:18.2905819Z,2026-10-05 10-01-04.mkv,493.651,activate-observed-native-window,,
2026-10-05T07:09:18.3222934Z,2026-10-05 10-01-04.mkv,493.682,native-uia-invoke,Settings,
2026-10-05T07:09:18.6407695Z,2026-10-05 10-01-04.mkv,494.001,native-uia-invoke,Refresh displays,
2026-10-05T07:09:55.4161874Z,2026-10-05 10-01-04.mkv,530.776,recover-stale-monitor-via-current-then-automatic,,
2026-10-05T07:09:55.5353506Z,2026-10-05 10-01-04.mkv,530.895,physical-scancode-chord,Ctrl+Shift+T,
2026-10-05T07:10:55.8587358Z,2026-10-05 10-01-04.mkv,591.219,activate-observed-native-window,,
2026-10-05T07:10:56.0949423Z,2026-10-05 10-01-04.mkv,591.455,os-client-area-animation,,
2026-10-05T07:10:56.4249210Z,2026-10-05 10-01-04.mkv,591.785,native-uia-invoke,Compact view,
2026-10-05T07:10:57.3529589Z,2026-10-05 10-01-04.mkv,592.713,SendInput actual virtual-desktop drag,,
2026-10-05T07:11:00.9218001Z,2026-10-05 10-01-04.mkv,596.282,physical-scancode-chord,Ctrl+Shift+P,
2026-10-05T07:11:01.5348591Z,2026-10-05 10-01-04.mkv,596.895,native-uia-observed-pointer-click,Expand Floating Timer,
2026-10-05T07:11:02.3195361Z,2026-10-05 10-01-04.mkv,597.679,native-uia-observed-pointer-click,Collapse Floating Timer,
2026-10-05T07:11:03.1025715Z,2026-10-05 10-01-04.mkv,598.463,native-uia-observed-pointer-click,Expand Floating Timer,
2026-10-05T07:11:59.4784808Z,2026-10-05 10-01-04.mkv,654.838,native-uia-invoke,Return to Focus Panel,
2026-10-05T07:12:00.9636682Z,2026-10-05 10-01-04.mkv,656.324,os-client-area-animation,,
2026-10-05T07:12:01.0193664Z,2026-10-05 10-01-04.mkv,656.379,native-uia-invoke,Compact view,
2026-10-05T07:12:02.0694386Z,2026-10-05 10-01-04.mkv,657.429,SendInput actual virtual-desktop drag,,
2026-10-05T07:12:05.6023131Z,2026-10-05 10-01-04.mkv,660.962,physical-scancode-chord,Ctrl+Shift+P,
2026-10-05T07:12:06.2077332Z,2026-10-05 10-01-04.mkv,661.568,native-uia-observed-pointer-click,Expand Floating Timer,
2026-10-05T07:12:07.2759136Z,2026-10-05 10-01-04.mkv,662.636,native-uia-invoke,Return to Focus Panel,
2026-10-05T07:12:08.2788287Z,2026-10-05 10-01-04.mkv,663.639,os-client-area-animation,,
2026-10-05T07:12:08.3491460Z,2026-10-05 10-01-04.mkv,663.709,native-uia-invoke,Stop Recording,
2026-10-05T07:13:08.8527910Z,not recorded,,physical-mouse-wheel,,
2026-10-05T07:13:30.4404089Z,not recorded,,physical-mouse-wheel,,
2026-10-05T07:14:28.8592691Z,not recorded,,physical-mouse-wheel,,
2026-10-05T07:15:18.4360771Z,2026-10-05 10-15-18.mkv,0.0,native-uia-invoke,Start Recording,
2026-10-05T07:16:12.1276667Z,2026-10-05 10-15-18.mkv,53.692,activate-observed-native-window,,
2026-10-05T07:16:50.4439296Z,2026-10-05 10-15-18.mkv,92.008,windows-physical-scale-restoration,,
2026-10-05T07:16:50.8854004Z,2026-10-05 10-15-18.mkv,92.449,activate-observed-native-window,,
2026-10-05T07:17:21.1137401Z,2026-10-05 10-15-18.mkv,122.678,activate-observed-native-window,,
2026-10-05T07:17:21.3136675Z,2026-10-05 10-15-18.mkv,122.878,physical-scancode-chord,Ctrl+Shift+T,
2026-10-05T07:17:22.5275757Z,2026-10-05 10-15-18.mkv,124.091,physical-scancode-chord,Ctrl+Shift+T,
2026-10-05T07:17:23.9320821Z,2026-10-05 10-15-18.mkv,125.496,native-uia-invoke,Stop Recording,
2026-10-05T07:30:33.4628252Z,not recorded,,activate-observed-native-window,,
2026-10-05T07:30:34.0460809Z,not recorded,,native-uia-invoke,All my lists,
2026-10-05T07:30:34.9759942Z,2026-10-05 10-30-35.mkv,0.0,native-uia-invoke,Start Recording,
2026-10-05T07:30:35.5106232Z,2026-10-05 10-30-35.mkv,0.535,activate-observed-native-window,,
2026-10-05T07:30:35.7439135Z,2026-10-05 10-30-35.mkv,0.768,os-client-area-animation,,
2026-10-05T07:31:17.2774205Z,2026-10-05 10-30-35.mkv,42.301,physical-mouse-wheel,,
2026-10-05T07:31:18.2706486Z,2026-10-05 10-30-35.mkv,43.295,native-uia-invoke,Edit Est: 30m,
2026-10-05T07:31:18.6615080Z,2026-10-05 10-30-35.mkv,43.686,physical-scancode-chord,Ctrl+A,
2026-10-05T07:31:19.3088580Z,2026-10-05 10-30-35.mkv,44.333,observed-unicode-SendInput,Est duration in H:MM:SS,0:31:00
2026-10-05T07:31:19.8278789Z,2026-10-05 10-30-35.mkv,44.852,observed-text-value-after-input,Est duration in H:MM:SS,
2026-10-05T07:31:19.8672122Z,2026-10-05 10-30-35.mkv,44.891,native-uia-invoke,Save metric,
2026-10-05T07:32:21.2498082Z,2026-10-05 10-30-35.mkv,106.274,native-uia-invoke,Edit Est: 31m,
2026-10-05T07:32:21.7230682Z,2026-10-05 10-30-35.mkv,106.747,physical-scancode-chord,Ctrl+A,
2026-10-05T07:32:22.4190289Z,2026-10-05 10-30-35.mkv,107.443,observed-unicode-SendInput,Est duration in H:MM:SS,0:30:00
2026-10-05T07:32:22.9470913Z,2026-10-05 10-30-35.mkv,107.971,observed-text-value-after-input,Est duration in H:MM:SS,
2026-10-05T07:32:22.9882061Z,2026-10-05 10-30-35.mkv,108.012,native-uia-invoke,Save metric,
2026-10-05T07:32:23.3392626Z,2026-10-05 10-30-35.mkv,108.363,native-uia-invoke,Edit Taken: 15m,
2026-10-05T07:32:23.6366476Z,2026-10-05 10-30-35.mkv,108.661,physical-scancode-chord,Ctrl+A,
2026-10-05T07:32:24.1757939Z,2026-10-05 10-30-35.mkv,109.2,observed-unicode-SendInput,Taken duration in H:MM:SS,0:15:06
2026-10-05T07:32:24.6869339Z,2026-10-05 10-30-35.mkv,109.711,observed-text-value-after-input,Taken duration in H:MM:SS,
2026-10-05T07:32:24.7231691Z,2026-10-05 10-30-35.mkv,109.747,native-uia-invoke,Save metric,
2026-10-05T07:32:25.7456964Z,2026-10-05 10-30-35.mkv,110.77,native-uia-invoke,Edit Taken: 16m,
2026-10-05T07:32:26.0397010Z,2026-10-05 10-30-35.mkv,111.064,physical-scancode-chord,Ctrl+A,
2026-10-05T07:32:26.5761588Z,2026-10-05 10-30-35.mkv,111.6,observed-unicode-SendInput,Taken duration in H:MM:SS,0:14:06
2026-10-05T07:32:27.0980650Z,2026-10-05 10-30-35.mkv,112.122,observed-text-value-after-input,Taken duration in H:MM:SS,
2026-10-05T07:32:27.1358464Z,2026-10-05 10-30-35.mkv,112.16,native-uia-invoke,Save metric,
2026-10-05T07:32:28.2490617Z,2026-10-05 10-30-35.mkv,113.273,activate-observed-native-window,,
2026-10-05T07:33:16.4927886Z,2026-10-05 10-30-35.mkv,161.517,native-uia-invoke,Edit EST: 0:30:00,
2026-10-05T07:33:16.9527872Z,2026-10-05 10-30-35.mkv,161.977,physical-scancode-chord,Ctrl+A,
2026-10-05T07:33:17.6312129Z,2026-10-05 10-30-35.mkv,162.655,observed-unicode-SendInput,EST duration in H:MM:SS,0:31:00
2026-10-05T07:33:18.1615394Z,2026-10-05 10-30-35.mkv,163.186,observed-text-value-after-input,EST duration in H:MM:SS,
2026-10-05T07:33:18.2005246Z,2026-10-05 10-30-35.mkv,163.225,native-uia-invoke,Save EST,
2026-10-05T07:33:19.0230165Z,2026-10-05 10-30-35.mkv,164.047,native-uia-invoke,Edit EST: 0:31:00,
2026-10-05T07:33:19.3169489Z,2026-10-05 10-30-35.mkv,164.341,physical-scancode-chord,Ctrl+A,
2026-10-05T07:33:19.8555046Z,2026-10-05 10-30-35.mkv,164.88,observed-unicode-SendInput,EST duration in H:MM:SS,0:30:00
2026-10-05T07:33:20.3715519Z,2026-10-05 10-30-35.mkv,165.396,observed-text-value-after-input,EST duration in H:MM:SS,
2026-10-05T07:33:20.4027773Z,2026-10-05 10-30-35.mkv,165.427,native-uia-invoke,Save EST,
2026-10-05T07:33:21.0533619Z,2026-10-05 10-30-35.mkv,166.077,native-uia-invoke,Edit Time Taken: 0:14:06,
2026-10-05T07:33:21.3491878Z,2026-10-05 10-30-35.mkv,166.373,physical-scancode-chord,Ctrl+A,
2026-10-05T07:33:21.8803070Z,2026-10-05 10-30-35.mkv,166.904,observed-unicode-SendInput,Time Taken duration in H:MM:SS,0:15:06
2026-10-05T07:33:22.4030565Z,2026-10-05 10-30-35.mkv,167.427,observed-text-value-after-input,Time Taken duration in H:MM:SS,
2026-10-05T07:33:22.4327299Z,2026-10-05 10-30-35.mkv,167.457,native-uia-invoke,Save Time Taken,
2026-10-05T07:33:23.1811456Z,2026-10-05 10-30-35.mkv,168.205,native-uia-invoke,Edit Time Taken: 0:15:06,
2026-10-05T07:33:23.4812344Z,2026-10-05 10-30-35.mkv,168.505,physical-scancode-chord,Ctrl+A,
2026-10-05T07:33:24.0134443Z,2026-10-05 10-30-35.mkv,169.037,observed-unicode-SendInput,Time Taken duration in H:MM:SS,0:14:06
2026-10-05T07:33:24.5300747Z,2026-10-05 10-30-35.mkv,169.554,observed-text-value-after-input,Time Taken duration in H:MM:SS,
2026-10-05T07:33:24.5594000Z,2026-10-05 10-30-35.mkv,169.583,native-uia-invoke,Save Time Taken,
2026-10-05T07:34:21.8582764Z,2026-10-05 10-30-35.mkv,226.882,os-client-area-animation,,
2026-10-05T07:34:22.1155286Z,2026-10-05 10-30-35.mkv,227.14,native-uia-invoke,Stop Recording,
