"intervalIndex","fromSample","toSample","stable","elapsedSeconds","cpuSeconds","cpuPercentOneCore","cpuPercentTotalCapacity"
"1","0","1","True","1,2338232","0","0","0"
"2","1","2","True","1,1341532","0","0","0"
"3","2","3","True","1,1454113","0","0","0"
"4","3","4","True","1,1401683","0","0","0"
"5","4","5","True","1,1393608","0","0","0"
"6","5","6","True","1,1323377","0","0","0"
"7","6","7","True","1,1323862","0","0","0"
"8","7","8","True","1,1345218","0","0","0"
"9","8","9","True","1,1302695","0","0","0"
"10","9","10","True","1,1404656","0","0","0"
"11","10","11","True","1,1312484","0","0","0"
"12","11","12","True","1,1323624","0","0","0"
"13","12","13","True","1,1323515","0","0","0"
"14","13","14","True","1,1423961","0","0","0"
"15","14","15","True","1,1393294","0","0","0"
"16","15","16","True","1,131464","0","0","0"
"17","16","17","True","1,1407439","0","0","0"
"18","17","18","True","1,1349869","0","0","0"
"19","18","19","True","1,1377373","0","0","0"
"20","19","20","True","1,1278883","0","0","0"
"21","20","21","True","1,1381292","0","0","0"
"22","21","22","True","1,1579527","0","0","0"
"23","22","23","True","1,1338334","0","0","0"
"24","23","24","True","1,1278573","0","0","0"
"25","24","25","True","1,1348997","0","0","0"
"26","25","26","True","1,1331303","0","0","0"
"27","26","27","True","1,1286118","0","0","0"
"28","27","28","True","1,1365974","0","0","0"
"29","28","29","True","1,1311655","0","0","0"
"30","29","30","True","1,13634279999999","0","0","0"
"31","30","31","True","1,1297079","0","0","0"
"32","31","32","True","1,1380498","0","0","0"
"33","32","33","True","1,1223625","0","0","0"
"34","33","34","True","1,13241129999999","0","0","0"
"35","34","35","True","1,1336932","0","0","0"
"36","35","36","True","1,1310498","0","0","0"
"37","36","37","True","1,1324215","0","0","0"
"38","37","38","True","1,1251812","0","0","0"
"39","38","39","True","1,1317647","0","0","0"
"40","39","40","True","1,12424170000001","0","0","0"
"41","40","41","True","1,1275754","0","0","0"
"42","41","42","True","1,1253318","0","0","0"
"43","42","43","True","1,1323983","0","0","0"
"44","43","44","True","1,1190971","0","0","0"
"45","44","45","True","1,1304372","0","0","0"
"46","45","46","True","1,1298121","0","0","0"
"47","46","47","True","1,1293508","0","0","0"
"48","47","48","True","1,1254405","0","0","0"
"49","48","49","True","1,120185","0","0","0"
"50","49","50","True","1,1268448","0","0","0"
"51","50","51","True","1,123384","0","0","0"
"52","51","52","True","1,1355984","0","0","0"
"53","52","53","True","1,1254257","0","0","0"
