utc,style,exstyle,x,y,width,height,clientWidth,clientHeight,regionType,regionWidth,regionHeight,visible,hung,ghostHwnd
2026-10-04T02:13:09.2285365Z,14CA0000,40118,1100,533,340,700,340,700,2,340,110,True,False,0
2026-10-04T02:13:09.2314490Z,14CA0000,40118,1100,533,340,700,340,700,2,340,110,True,False,0
2026-10-04T02:13:09.2474811Z,14CA0000,40118,1100,533,340,700,340,700,2,340,110,True,False,0
2026-10-04T02:13:09.2624050Z,14CA0000,40118,1100,533,340,700,340,700,2,340,110,True,False,0
2026-10-04T02:13:09.2774307Z,14CA0000,40118,1100,533,340,700,340,700,2,340,110,True,False,0
2026-10-04T02:13:09.2934187Z,14CA0000,40118,1100,533,340,700,340,700,2,340,110,True,False,0
2026-10-04T02:13:09.3084848Z,14CA0000,40118,1100,533,340,700,340,700,2,340,110,True,False,0
2026-10-04T02:13:09.3234353Z,14CA0000,40118,1100,533,340,700,340,700,2,340,110,True,False,0
2026-10-04T02:13:09.3384820Z,14CA0000,40118,1100,533,340,700,340,700,2,340,110,True,False,0
2026-10-04T02:13:09.3544805Z,14CA0000,40118,1100,533,340,700,340,700,2,340,110,True,False,0
2026-10-04T02:13:09.3704580Z,14CA0000,40118,1100,533,340,700,340,700,2,340,110,True,False,0
2026-10-04T02:13:09.3864412Z,14CA0000,40118,1100,533,340,700,340,700,2,340,110,True,False,0
2026-10-04T02:13:09.4024949Z,14CA0000,40118,1100,533,340,700,340,700,2,340,110,True,False,0
2026-10-04T02:13:09.4184035Z,14CA0000,40118,1100,533,340,700,340,700,2,340,110,True,False,0
2026-10-04T02:13:09.4344309Z,14CA0000,40118,1100,533,340,700,340,700,2,340,110,True,False,0
2026-10-04T02:13:09.4505361Z,14CA0000,40118,1100,533,340,700,340,700,2,340,110,True,False,0
2026-10-04T02:13:09.4655148Z,14CA0000,40118,1100,533,340,700,340,700,2,340,110,True,False,0
2026-10-04T02:13:09.4814011Z,14CA0000,40118,1100,533,340,700,340,700,2,340,110,True,False,0
2026-10-04T02:13:09.4964675Z,14CA0000,40118,1100,533,340,700,340,700,2,340,110,True,False,0
2026-10-04T02:13:09.5115684Z,14CA0000,40118,1100,533,340,700,340,700,2,340,110,True,False,0
2026-10-04T02:13:09.5275285Z,14CA0000,40118,1100,533,340,700,340,700,2,340,110,True,False,0
2026-10-04T02:13:09.5424124Z,14CA0000,40118,1100,533,340,700,340,700,2,340,110,True,False,0
2026-10-04T02:13:09.5584467Z,14CA0000,40118,1100,533,340,700,340,700,2,340,110,True,False,0
2026-10-04T02:13:09.5744671Z,14CA0000,40118,1100,533,340,700,340,700,2,340,110,True,False,0
2026-10-04T02:13:09.5905139Z,14CA0000,40118,1100,533,340,700,340,700,2,340,110,True,False,0
2026-10-04T02:13:09.6055907Z,14CA0000,40118,1100,533,340,700,340,700,2,340,110,True,False,0
2026-10-04T02:13:09.6204705Z,14CA0000,40118,1100,533,340,700,340,700,2,340,110,True,False,0
2026-10-04T02:13:09.6364368Z,14CA0000,40118,1100,533,340,700,340,700,2,340,110,True,False,0
2026-10-04T02:13:09.6514713Z,14CA0000,40118,1100,533,340,700,340,700,2,340,110,True,False,0
2026-10-04T02:13:09.6665784Z,14CA0000,40118,1100,533,340,700,340,700,2,340,300,True,False,0
2026-10-04T02:13:09.6825903Z,14CA0000,40118,1100,533,340,700,340,700,2,340,300,True,False,0
2026-10-04T02:13:09.6984398Z,14CA0000,40118,1100,533,340,700,340,700,2,340,300,True,False,0
2026-10-04T02:13:09.7145582Z,14CA0000,40118,1100,533,340,700,340,700,2,340,300,True,False,0
2026-10-04T02:13:09.7305719Z,14CA0000,40118,1100,533,340,700,340,700,2,340,300,True,False,0
2026-10-04T02:13:09.7464359Z,14CA0000,40118,1100,533,340,700,340,700,2,340,300,True,False,0
2026-10-04T02:13:09.7614174Z,14CA0000,40118,1100,533,340,700,340,700,2,340,300,True,False,0
2026-10-04T02:13:09.7764503Z,14CA0000,40118,1100,533,340,700,340,700,2,340,300,True,False,0
2026-10-04T02:13:09.7924880Z,14CA0000,40118,1100,533,340,700,340,700,2,340,300,True,False,0
2026-10-04T02:13:09.8075310Z,14CA0000,40118,1100,533,340,700,340,700,2,340,300,True,False,0
2026-10-04T02:13:09.8224285Z,14CA0000,40118,1100,533,340,700,340,700,2,340,300,True,False,0
2026-10-04T02:13:09.8384545Z,14CA0000,40118,1100,533,340,700,340,700,2,340,300,True,False,0
2026-10-04T02:13:09.8544955Z,14CA0000,40118,1100,533,340,700,340,700,2,340,300,True,False,0
2026-10-04T02:13:09.8704551Z,14CA0000,40118,1100,533,340,700,340,700,2,340,300,True,False,0
2026-10-04T02:13:09.8864316Z,14CA0000,40118,1100,533,340,700,340,700,2,340,300,True,False,0
2026-10-04T02:13:09.9020388Z,14CA0000,40118,1100,533,340,700,340,700,2,340,300,True,False,0
2026-10-04T02:13:09.9174908Z,14CA0000,40118,1100,533,340,700,340,700,2,340,300,True,False,0
2026-10-04T02:13:09.9325547Z,14CA0000,40118,1100,533,340,700,340,700,2,340,300,True,False,0
2026-10-04T02:13:09.9484895Z,14CA0000,40118,1100,533,340,700,340,700,2,340,300,True,False,0
2026-10-04T02:13:09.9644970Z,14CA0000,40118,1100,533,340,700,340,700,2,340,300,True,False,0
2026-10-04T02:13:09.9804692Z,14CA0000,40118,1100,533,340,700,340,700,2,340,300,True,False,0
2026-10-04T02:13:09.9960286Z,14CA0000,40118,1100,533,340,700,340,700,2,340,300,True,False,0
2026-10-04T02:13:10.0110113Z,14CA0000,40118,1100,533,340,700,340,700,2,340,300,True,False,0
2026-10-04T02:13:10.0259914Z,14CA0000,40118,1100,533,340,700,340,700,2,340,300,True,False,0
2026-10-04T02:13:10.0420125Z,14CA0000,40118,1100,533,340,700,340,700,2,340,300,True,False,0
2026-10-04T02:13:10.0580186Z,14CA0000,40118,1100,533,340,700,340,700,2,340,300,True,False,0
2026-10-04T02:13:10.0729956Z,14CA0000,40118,1100,533,340,700,340,700,2,340,300,True,False,0
2026-10-04T02:13:10.0881855Z,14CA0000,40118,1100,533,340,700,340,700,2,340,300,True,False,0
2026-10-04T02:13:10.1043106Z,14CA0000,40118,1100,533,340,700,340,700,2,340,300,True,False,0
2026-10-04T02:13:10.1185237Z,14CA0000,40118,1100,533,340,700,340,700,2,340,300,True,False,0
2026-10-04T02:13:10.1347377Z,14CA0000,40118,1100,533,340,700,340,700,2,340,300,True,False,0
2026-10-04T02:13:10.1505609Z,14CA0000,40118,1100,533,340,700,340,700,2,340,300,True,False,0
2026-10-04T02:13:10.1665207Z,14CA0000,40118,1100,533,340,700,340,700,2,340,300,True,False,0
2026-10-04T02:13:10.1825891Z,14CA0000,40118,1100,533,340,700,340,700,2,340,300,True,False,0
2026-10-04T02:13:10.1985589Z,14CA0000,40118,1100,533,340,700,340,700,2,340,300,True,False,0
2026-10-04T02:13:10.2145358Z,14CA0000,40118,1100,533,340,700,340,700,2,340,300,True,False,0
2026-10-04T02:13:10.2305473Z,14CA0000,40118,1100,533,340,700,340,700,2,340,300,True,False,0
2026-10-04T02:13:10.2455077Z,14CA0000,40118,1100,533,340,700,340,700,2,340,300,True,False,0
2026-10-04T02:13:10.2614956Z,14CA0000,40118,1100,533,340,700,340,700,2,340,300,True,False,0
2026-10-04T02:13:10.2765278Z,14CA0000,40118,1100,533,340,700,340,700,2,340,300,True,False,0
2026-10-04T02:13:10.2924994Z,14CA0000,40118,1100,533,340,700,340,700,2,340,300,True,False,0
2026-10-04T02:13:10.3086412Z,14CA0000,40118,1100,533,340,700,340,700,2,340,300,True,False,0
2026-10-04T02:13:10.3245186Z,14CA0000,40118,1100,533,340,700,340,700,2,340,300,True,False,0
2026-10-04T02:13:10.3407070Z,14CA0000,40118,1100,533,340,700,340,700,2,340,300,True,False,0
2026-10-04T02:13:10.3565903Z,14CA0000,40118,1100,533,340,700,340,700,2,340,300,True,False,0
2026-10-04T02:13:10.3725293Z,14CA0000,40118,1100,533,340,700,340,700,2,340,300,True,False,0
2026-10-04T02:13:10.3885278Z,14CA0000,40118,1100,533,340,700,340,700,2,340,300,True,False,0
2026-10-04T02:13:10.4046073Z,14CA0000,40118,1100,533,340,700,340,700,2,340,300,True,False,0
2026-10-04T02:13:10.4205720Z,14CA0000,40118,1100,533,340,700,340,700,2,340,300,True,False,0
2026-10-04T02:13:10.4365414Z,14CA0000,40118,1100,533,340,700,340,700,2,340,300,True,False,0
2026-10-04T02:13:10.4515764Z,14CA0000,40118,1100,533,340,700,340,700,2,340,300,True,False,0
2026-10-04T02:13:10.4667692Z,14CA0000,40118,1100,533,340,700,340,700,2,340,300,True,False,0
2026-10-04T02:13:10.4825942Z,14CA0000,40118,1100,533,340,700,340,700,2,340,300,True,False,0
2026-10-04T02:13:10.4985572Z,14CA0000,40118,1100,533,340,700,340,700,2,340,300,True,False,0
2026-10-04T02:13:10.5145645Z,14CA0000,40118,1100,533,340,700,340,700,2,340,300,True,False,0
2026-10-04T02:13:10.5305324Z,14CA0000,40118,1100,533,340,700,340,700,2,340,300,True,False,0
2026-10-04T02:13:10.5466263Z,14CA0000,40118,1100,533,340,700,340,700,2,340,300,True,False,0
2026-10-04T02:13:10.5625241Z,14CA0000,40118,1100,533,340,700,340,700,2,340,300,True,False,0
2026-10-04T02:13:10.5776499Z,14CA0000,40118,1100,533,340,700,340,700,2,340,300,True,False,0
2026-10-04T02:13:10.5925467Z,14CA0000,40118,1100,533,340,700,340,700,2,340,300,True,False,0
2026-10-04T02:13:10.6085314Z,14CA0000,40118,1100,533,340,700,340,700,2,340,300,True,False,0
2026-10-04T02:13:10.6235436Z,14CA0000,40118,1100,533,340,700,340,700,2,340,300,True,False,0
2026-10-04T02:13:10.6385812Z,14CA0000,40118,1100,533,340,700,340,700,2,340,300,True,False,0
2026-10-04T02:13:10.6545889Z,14CA0000,40118,1100,533,340,700,340,700,2,340,300,True,False,0
2026-10-04T02:13:10.6705638Z,14CA0000,40118,1100,533,340,700,340,700,2,340,300,True,False,0
2026-10-04T02:13:10.6855163Z,14CA0000,40118,1100,533,340,700,340,700,2,340,300,True,False,0
2026-10-04T02:13:10.7015650Z,14CA0000,40118,1100,533,340,700,340,700,2,340,300,True,False,0
2026-10-04T02:13:10.7165778Z,14CA0000,40118,1100,533,340,700,340,700,2,340,300,True,False,0
2026-10-04T02:13:10.7323934Z,14CA0000,40118,1100,533,340,700,340,700,2,340,300,True,False,0
2026-10-04T02:13:10.7483979Z,14CA0000,40118,1100,533,340,700,340,700,2,340,300,True,False,0
2026-10-04T02:13:10.7643820Z,14CA0000,40118,1100,533,340,700,340,700,2,340,300,True,False,0
2026-10-04T02:13:10.7804851Z,14CA0000,40118,1100,533,340,700,340,700,2,340,300,True,False,0
2026-10-04T02:13:10.7963880Z,14CA0000,40118,1100,533,340,700,340,700,2,340,300,True,False,0
2026-10-04T02:13:10.8125296Z,14CA0000,40118,1100,533,340,700,340,700,2,340,300,True,False,0
2026-10-04T02:13:10.8283899Z,14CA0000,40118,1100,533,340,700,340,700,2,340,300,True,False,0
2026-10-04T02:13:10.8444042Z,14CA0000,40118,1100,533,340,700,340,700,2,340,300,True,False,0
2026-10-04T02:13:10.8604349Z,14CA0000,40118,1100,533,340,700,340,700,2,340,110,True,False,0
2026-10-04T02:13:10.8764260Z,14CA0000,40118,1100,533,340,700,340,700,2,340,110,True,False,0
2026-10-04T02:13:10.8918954Z,14CA0000,40118,1100,533,340,700,340,700,2,340,110,True,False,0
2026-10-04T02:13:10.9076209Z,14CA0000,40118,1100,533,340,700,340,700,2,340,110,True,False,0
2026-10-04T02:13:10.9224617Z,14CA0000,40118,1100,533,340,700,340,700,2,340,110,True,False,0
2026-10-04T02:13:10.9384208Z,14CA0000,40118,1100,533,340,700,340,700,2,340,110,True,False,0
2026-10-04T02:13:10.9545540Z,14CA0000,40118,1100,533,340,700,340,700,2,340,110,True,False,0
2026-10-04T02:13:10.9703548Z,14CA0000,40118,1100,533,340,700,340,700,2,340,110,True,False,0
2026-10-04T02:13:10.9863594Z,14CA0000,40118,1100,533,340,700,340,700,2,340,110,True,False,0
2026-10-04T02:13:11.0014725Z,14CA0000,40118,1100,533,340,700,340,700,2,340,110,True,False,0
2026-10-04T02:13:11.0173630Z,14CA0000,40118,1100,533,340,700,340,700,2,340,110,True,False,0
2026-10-04T02:13:11.0324322Z,14CA0000,40118,1100,533,340,700,340,700,2,340,110,True,False,0
2026-10-04T02:13:11.0483588Z,14CA0000,40118,1100,533,340,700,340,700,2,340,110,True,False,0
2026-10-04T02:13:11.0643718Z,14CA0000,40118,1100,533,340,700,340,700,2,340,110,True,False,0
2026-10-04T02:13:11.0803634Z,14CA0000,40118,1100,533,340,700,340,700,2,340,110,True,False,0
2026-10-04T02:13:11.0963468Z,14CA0000,40118,1100,533,340,700,340,700,2,340,110,True,False,0
2026-10-04T02:13:11.1119977Z,14CA0000,40118,1100,533,340,700,340,700,2,340,110,True,False,0
2026-10-04T02:13:11.1278527Z,14CA0000,40118,1100,533,340,700,340,700,2,340,110,True,False,0
2026-10-04T02:13:11.1439292Z,14CA0000,40118,1100,533,340,700,340,700,2,340,110,True,False,0
2026-10-04T02:13:11.1598696Z,14CA0000,40118,1100,533,340,700,340,700,2,340,110,True,False,0
2026-10-04T02:13:11.1758959Z,14CA0000,40118,1100,533,340,700,340,700,2,340,110,True,False,0
2026-10-04T02:13:11.1919033Z,14CA0000,40118,1100,533,340,700,340,700,2,340,110,True,False,0
2026-10-04T02:13:11.2069711Z,14CA0000,40118,1100,533,340,700,340,700,2,340,110,True,False,0
2026-10-04T02:13:11.2230720Z,14CA0000,40118,1100,533,340,700,340,700,2,340,110,True,False,0
2026-10-04T02:13:11.2379495Z,14CA0000,40118,1100,533,340,700,340,700,2,340,110,True,False,0
2026-10-04T02:13:11.2538896Z,14CA0000,40118,1100,533,340,700,340,700,2,340,110,True,False,0
2026-10-04T02:13:11.2688786Z,14CA0000,40118,1100,533,340,700,340,700,2,340,110,True,False,0
2026-10-04T02:13:11.2838735Z,14CA0000,40118,1100,533,340,700,340,700,2,340,110,True,False,0
2026-10-04T02:13:11.2998361Z,14CA0000,40118,1100,533,340,700,340,700,2,340,110,True,False,0
2026-10-04T02:13:11.3159192Z,14CA0000,40118,1100,533,340,700,340,700,2,340,110,True,False,0
2026-10-04T02:13:11.3320316Z,14CA0000,40118,1100,533,340,700,340,700,2,340,110,True,False,0
2026-10-04T02:13:11.3478888Z,14CA0000,40118,1100,533,340,700,340,700,2,340,110,True,False,0
2026-10-04T02:13:11.3638708Z,14CA0000,40118,1100,533,340,700,340,700,2,340,110,True,False,0
2026-10-04T02:13:11.3798005Z,14CA0000,40118,1100,533,340,700,340,700,2,340,110,True,False,0
2026-10-04T02:13:11.3958764Z,14CA0000,40118,1100,533,340,700,340,700,2,340,110,True,False,0
2026-10-04T02:13:11.4118526Z,14CA0000,40118,1100,533,340,700,340,700,2,340,110,True,False,0
2026-10-04T02:13:11.4278734Z,14CA0000,40118,1100,533,340,700,340,700,2,340,110,True,False,0
2026-10-04T02:13:11.4439496Z,14CA0000,40118,1100,533,340,700,340,700,2,340,300,True,False,0
2026-10-04T02:13:11.4599674Z,14CA0000,40118,1100,533,340,700,340,700,2,340,300,True,False,0
2026-10-04T02:13:11.4759417Z,14CA0000,40118,1100,533,340,700,340,700,2,340,300,True,False,0
2026-10-04T02:13:11.4918717Z,14CA0000,40118,1100,533,340,700,340,700,2,340,300,True,False,0
2026-10-04T02:13:11.5078465Z,14CA0000,40118,1100,533,340,700,340,700,2,340,300,True,False,0
2026-10-04T02:13:11.5238427Z,14CA0000,40118,1100,533,340,700,340,700,2,340,300,True,False,0
2026-10-04T02:13:11.5388758Z,14CA0000,40118,1100,533,340,700,340,700,2,340,300,True,False,0
2026-10-04T02:13:11.5540418Z,14CA0000,40118,1100,533,340,700,340,700,2,340,300,True,False,0
2026-10-04T02:13:11.5688607Z,14CA0000,40118,1100,533,340,700,340,700,2,340,300,True,False,0
2026-10-04T02:13:11.5848607Z,14CA0000,40118,1100,533,340,700,340,700,2,340,300,True,False,0
2026-10-04T02:13:11.5999149Z,14CA0000,40118,1100,533,340,700,340,700,2,340,300,True,False,0
2026-10-04T02:13:11.6158656Z,14CA0000,40118,1100,533,340,700,340,700,2,340,300,True,False,0
2026-10-04T02:13:11.6318567Z,14CA0000,40118,1100,533,340,700,340,700,2,340,300,True,False,0
2026-10-04T02:13:11.6478103Z,14CA0000,40118,1100,533,340,700,340,700,2,340,300,True,False,0
2026-10-04T02:13:11.6640680Z,14CA0000,40118,1100,533,340,700,340,700,2,340,300,True,False,0
2026-10-04T02:13:11.6799059Z,14CA0000,40118,1100,533,340,700,340,700,2,340,300,True,False,0
2026-10-04T02:13:11.6959072Z,14CA0000,40118,1100,533,340,700,340,700,2,340,300,True,False,0
2026-10-04T02:13:11.7118126Z,14CA0000,40118,1100,533,340,700,340,700,2,340,300,True,False,0
2026-10-04T02:13:11.7278277Z,14CA0000,40118,1100,533,340,700,340,700,2,340,300,True,False,0
2026-10-04T02:13:11.7429172Z,14CA0000,40118,1100,533,340,700,340,700,2,340,300,True,False,0
2026-10-04T02:13:11.7588557Z,14CA0000,40118,1100,533,340,700,340,700,2,340,300,True,False,0
2026-10-04T02:13:11.7738754Z,14CA0000,40118,1100,533,340,700,340,700,2,340,300,True,False,0
2026-10-04T02:13:11.7898681Z,14CA0000,40118,1100,533,340,700,340,700,2,340,300,True,False,0
2026-10-04T02:13:11.8059829Z,14CA0000,40118,1100,533,340,700,340,700,2,340,300,True,False,0
2026-10-04T02:13:11.8215618Z,14CA0000,40118,1100,533,340,700,340,700,2,340,300,True,False,0
2026-10-04T02:13:11.8369098Z,14CA0000,40118,1100,533,340,700,340,700,2,340,300,True,False,0
2026-10-04T02:13:11.8519205Z,14CA0000,40118,1100,533,340,700,340,700,2,340,300,True,False,0
2026-10-04T02:13:11.8678832Z,14CA0000,40118,1100,533,340,700,340,700,2,340,300,True,False,0
2026-10-04T02:13:11.8831666Z,14CA0000,40118,1100,533,340,700,340,700,2,340,300,True,False,0
2026-10-04T02:13:11.8980777Z,14CA0000,40118,1100,533,340,700,340,700,2,340,300,True,False,0
2026-10-04T02:13:11.9141339Z,14CA0000,40118,1100,533,340,700,340,700,2,340,300,True,False,0
2026-10-04T02:13:11.9301991Z,14CA0000,40118,1100,533,340,700,340,700,2,340,300,True,False,0
2026-10-04T02:13:11.9461701Z,14CA0000,40118,1100,533,340,700,340,700,2,340,300,True,False,0
2026-10-04T02:13:11.9621292Z,14CA0000,40118,1100,533,340,700,340,700,2,340,300,True,False,0
2026-10-04T02:13:11.9781385Z,14CA0000,40118,1100,533,340,700,340,700,2,340,300,True,False,0
2026-10-04T02:13:11.9930892Z,14CA0000,40118,1100,533,340,700,340,700,2,340,300,True,False,0
2026-10-04T02:13:12.0081952Z,14CA0000,40118,1100,533,340,700,340,700,2,340,300,True,False,0
2026-10-04T02:13:12.0242381Z,14CA0000,40118,1100,533,340,700,340,700,2,340,300,True,False,0
2026-10-04T02:13:12.0402799Z,14CA0000,40118,1100,533,340,700,340,700,2,340,300,True,False,0
2026-10-04T02:13:12.0562576Z,14CA0000,40118,1100,533,340,700,340,700,2,340,300,True,False,0
2026-10-04T02:13:12.0723011Z,14CA0000,40118,1100,533,340,700,340,700,2,340,300,True,False,0
2026-10-04T02:13:12.0882860Z,14CA0000,40118,1100,533,340,700,340,700,2,340,300,True,False,0
2026-10-04T02:13:12.1044325Z,14CA0000,40118,1100,533,340,700,340,700,2,340,300,True,False,0
2026-10-04T02:13:12.1202327Z,14CA0000,40118,1100,533,340,700,340,700,2,340,300,True,False,0
2026-10-04T02:13:12.1361909Z,14CA0000,40118,1100,533,340,700,340,700,2,340,300,True,False,0
2026-10-04T02:13:12.1511196Z,14CA0000,40118,1100,533,340,700,340,700,2,340,300,True,False,0
2026-10-04T02:13:12.1671585Z,14CA0000,40118,1100,533,340,700,340,700,2,340,300,True,False,0
2026-10-04T02:13:12.1822391Z,14CA0000,40118,1100,533,340,700,340,700,2,340,300,True,False,0
2026-10-04T02:13:12.1982244Z,14CA0000,40118,1100,533,340,700,340,700,2,340,300,True,False,0
2026-10-04T02:13:12.2138915Z,14CA0000,40118,1100,533,340,700,340,700,2,340,300,True,False,0
2026-10-04T02:13:12.2291982Z,14CA0000,40118,1100,533,340,700,340,700,2,340,300,True,False,0
2026-10-04T02:13:12.2452072Z,14CA0000,40118,1100,533,340,700,340,700,2,340,300,True,False,0
2026-10-04T02:13:12.2612006Z,14CA0000,40118,1100,533,340,700,340,700,2,340,300,True,False,0
2026-10-04T02:13:12.2772574Z,14CA0000,40118,1100,533,340,700,340,700,2,340,300,True,False,0
2026-10-04T02:13:12.2933412Z,14CA0000,40118,1100,533,340,700,340,700,2,340,300,True,False,0
2026-10-04T02:13:12.3083723Z,14CA0000,40118,1100,533,340,700,340,700,2,340,300,True,False,0
2026-10-04T02:13:12.3233219Z,14CA0000,40118,1100,533,340,700,340,700,2,340,300,True,False,0
2026-10-04T02:13:12.3391811Z,14CA0000,40118,1100,533,340,700,340,700,2,340,300,True,False,0
2026-10-04T02:13:12.3542628Z,14CA0000,40118,1100,533,340,700,340,700,2,340,300,True,False,0
2026-10-04T02:13:12.3691869Z,14CA0000,40118,1100,533,340,700,340,700,2,340,300,True,False,0
2026-10-04T02:13:12.3842141Z,14CA0000,40118,1100,533,340,700,340,700,2,340,300,True,False,0
2026-10-04T02:13:12.4002022Z,14CA0000,40118,1100,533,340,700,340,700,2,340,300,True,False,0
2026-10-04T02:13:12.4152268Z,14CA0000,40118,1100,533,340,700,340,700,2,340,300,True,False,0
2026-10-04T02:13:12.4312211Z,14CA0000,40118,1100,533,340,700,340,700,2,340,300,True,False,0
2026-10-04T02:13:12.4472138Z,14CA0000,40118,1100,533,340,700,340,700,2,340,300,True,False,0
2026-10-04T02:13:12.4632608Z,14CA0000,40118,1100,533,340,700,340,700,2,340,300,True,False,0
2026-10-04T02:13:12.4782082Z,14CA0000,40118,1100,533,340,700,340,700,2,340,300,True,False,0
2026-10-04T02:13:12.4931940Z,14CA0000,40118,1100,533,340,700,340,700,2,340,300,True,False,0
2026-10-04T02:13:12.5092000Z,14CA0000,40118,1100,533,340,700,340,700,2,340,300,True,False,0
2026-10-04T02:13:12.5242000Z,14CA0000,40118,1100,533,340,700,340,700,2,340,300,True,False,0
2026-10-04T02:13:12.5392095Z,14CA0000,40118,1100,533,340,700,340,700,2,340,300,True,False,0
2026-10-04T02:13:12.5542126Z,14CA0000,40118,1100,533,340,700,340,700,2,340,300,True,False,0
2026-10-04T02:13:12.5702204Z,14CA0000,40118,1100,533,340,700,340,700,2,340,300,True,False,0
2026-10-04T02:13:12.5852219Z,14CA0000,40118,1100,533,340,700,340,700,2,340,110,True,False,0
2026-10-04T02:13:12.6012014Z,14CA0000,40118,1100,533,340,700,340,700,2,340,110,True,False,0
2026-10-04T02:13:12.6171972Z,14CA0000,40118,1100,533,340,700,340,700,2,340,110,True,False,0
2026-10-04T02:13:12.6332038Z,14CA0000,40118,1100,533,340,700,340,700,2,340,110,True,False,0
2026-10-04T02:13:12.6484770Z,14CA0000,40118,1100,533,340,700,340,700,2,340,110,True,False,0
2026-10-04T02:13:12.6632153Z,14CA0000,40118,1100,533,340,700,340,700,2,340,110,True,False,0
2026-10-04T02:13:12.6791975Z,14CA0000,40118,1100,533,340,700,340,700,2,340,110,True,False,0
2026-10-04T02:13:12.6952108Z,14CA0000,40118,1100,533,340,700,340,700,2,340,110,True,False,0
2026-10-04T02:13:12.7112505Z,14CA0000,40118,1100,533,340,700,340,700,2,340,110,True,False,0
2026-10-04T02:13:12.7261987Z,14CA0000,40118,1100,533,340,700,340,700,2,340,110,True,False,0
2026-10-04T02:13:12.7412241Z,14CA0000,40118,1100,533,340,700,340,700,2,340,110,True,False,0
2026-10-04T02:13:12.7564756Z,14CA0000,40118,1100,533,340,700,340,700,2,340,110,True,False,0
2026-10-04T02:13:12.7722068Z,14CA0000,40118,1100,533,340,700,340,700,2,340,110,True,False,0
2026-10-04T02:13:12.7872565Z,14CA0000,40118,1100,533,340,700,340,700,2,340,110,True,False,0
2026-10-04T02:13:12.8032470Z,14CA0000,40118,1100,533,340,700,340,700,2,340,110,True,False,0
2026-10-04T02:13:12.8182241Z,14CA0000,40118,1100,533,340,700,340,700,2,340,110,True,False,0
2026-10-04T02:13:12.8332214Z,14CA0000,40118,1100,533,340,700,340,700,2,340,110,True,False,0
2026-10-04T02:13:12.8482134Z,14CA0000,40118,1100,533,340,700,340,700,2,340,110,True,False,0
2026-10-04T02:13:12.8633814Z,14CA0000,40118,1100,533,340,700,340,700,2,340,110,True,False,0
2026-10-04T02:13:12.8793262Z,14CA0000,40118,1100,533,340,700,340,700,2,340,110,True,False,0
2026-10-04T02:13:12.8943914Z,14CA0000,40118,1100,533,340,700,340,700,2,340,110,True,False,0
2026-10-04T02:13:12.9103971Z,14CA0000,40118,1100,533,340,700,340,700,2,340,110,True,False,0
2026-10-04T02:13:12.9254526Z,14CA0000,40118,1100,533,340,700,340,700,2,340,110,True,False,0
2026-10-04T02:13:12.9404504Z,14CA0000,40118,1100,533,340,700,340,700,2,340,110,True,False,0
2026-10-04T02:13:12.9563842Z,14CA0000,40118,1100,533,340,700,340,700,2,340,110,True,False,0
2026-10-04T02:13:12.9716706Z,14CA0000,40118,1100,533,340,700,340,700,2,340,110,True,False,0
2026-10-04T02:13:12.9874236Z,14CA0000,40118,1100,533,340,700,340,700,2,340,110,True,False,0
2026-10-04T02:13:13.0034312Z,14CA0000,40118,1100,533,340,700,340,700,2,340,110,True,False,0
2026-10-04T02:13:13.0194154Z,14CA0000,40118,1100,533,340,700,340,700,2,340,110,True,False,0
2026-10-04T02:13:13.0358900Z,14CA0000,40118,1100,533,340,700,340,700,2,340,110,True,False,0
2026-10-04T02:13:13.0513761Z,14CA0000,40118,1100,533,340,700,340,700,2,340,110,True,False,0
2026-10-04T02:13:13.0673989Z,14CA0000,40118,1100,533,340,700,340,700,2,340,110,True,False,0
2026-10-04T02:13:13.0824126Z,14CA0000,40118,1100,533,340,700,340,700,2,340,110,True,False,0
2026-10-04T02:13:13.0984228Z,14CA0000,40118,1100,533,340,700,340,700,2,340,110,True,False,0
2026-10-04T02:13:13.1133856Z,14CA0000,40118,1100,533,340,700,340,700,2,340,110,True,False,0
2026-10-04T02:13:13.1294350Z,14CA0000,40118,1100,533,340,700,340,700,2,340,110,True,False,0
2026-10-04T02:13:13.1454552Z,14CA0000,40118,1100,533,340,700,340,700,2,340,300,True,False,0
2026-10-04T02:13:13.1614470Z,14CA0000,40118,1100,533,340,700,340,700,2,340,300,True,False,0
2026-10-04T02:13:13.1773515Z,14CA0000,40118,1100,533,340,700,340,700,2,340,300,True,False,0
2026-10-04T02:13:13.1924750Z,14CA0000,40118,1100,533,340,700,340,700,2,340,300,True,False,0
2026-10-04T02:13:13.2084063Z,14CA0000,40118,1100,533,340,700,340,700,2,340,300,True,False,0
2026-10-04T02:13:13.2235487Z,14CA0000,40118,1100,533,340,700,340,700,2,340,300,True,False,0
2026-10-04T02:13:13.2394600Z,14CA0000,40118,1100,533,340,700,340,700,2,340,300,True,False,0
2026-10-04T02:13:13.2554518Z,14CA0000,40118,1100,533,340,700,340,700,2,340,300,True,False,0
2026-10-04T02:13:13.2714882Z,14CA0000,40118,1100,533,340,700,340,700,2,340,300,True,False,0
2026-10-04T02:13:13.2875027Z,14CA0000,40118,1100,533,340,700,340,700,2,340,300,True,False,0
2026-10-04T02:13:13.3026881Z,14CA0000,40118,1100,533,340,700,340,700,2,340,300,True,False,0
2026-10-04T02:13:13.3183745Z,14CA0000,40118,1100,533,340,700,340,700,2,340,300,True,False,0
2026-10-04T02:13:13.3341927Z,14CA0000,40118,1100,533,340,700,340,700,2,340,300,True,False,0
2026-10-04T02:13:13.3502385Z,14CA0000,40118,1100,533,340,700,340,700,2,340,300,True,False,0
2026-10-04T02:13:13.3661965Z,14CA0000,40118,1100,533,340,700,340,700,2,340,300,True,False,0
2026-10-04T02:13:13.3822571Z,14CA0000,40118,1100,533,340,700,340,700,2,340,300,True,False,0
2026-10-04T02:13:13.3982368Z,14CA0000,40118,1100,533,340,700,340,700,2,340,300,True,False,0
2026-10-04T02:13:13.4135016Z,14CA0000,40118,1100,533,340,700,340,700,2,340,300,True,False,0
2026-10-04T02:13:13.4287246Z,14CA0000,40118,1100,533,340,700,340,700,2,340,300,True,False,0
2026-10-04T02:13:13.4447028Z,14CA0000,40118,1100,533,340,700,340,700,2,340,300,True,False,0
2026-10-04T02:13:13.4597593Z,14CA0000,40118,1100,533,340,700,340,700,2,340,300,True,False,0
2026-10-04T02:13:13.4757394Z,14CA0000,40118,1100,533,340,700,340,700,2,340,300,True,False,0
2026-10-04T02:13:13.4908027Z,14CA0000,40118,1100,533,340,700,340,700,2,340,300,True,False,0
2026-10-04T02:13:13.5057284Z,14CA0000,40118,1100,533,340,700,340,700,2,340,300,True,False,0
2026-10-04T02:13:13.5218958Z,14CA0000,40118,1100,533,340,700,340,700,2,340,300,True,False,0
2026-10-04T02:13:13.5372441Z,14CA0000,40118,1100,533,340,700,340,700,2,340,300,True,False,0
2026-10-04T02:13:13.5532352Z,14CA0000,40118,1100,533,340,700,340,700,2,340,300,True,False,0
2026-10-04T02:13:13.5692339Z,14CA0000,40118,1100,533,340,700,340,700,2,340,300,True,False,0
2026-10-04T02:13:13.5842582Z,14CA0000,40118,1100,533,340,700,340,700,2,340,300,True,False,0
2026-10-04T02:13:13.6002431Z,14CA0000,40118,1100,533,340,700,340,700,2,340,300,True,False,0
2026-10-04T02:13:13.6152476Z,14CA0000,40118,1100,533,340,700,340,700,2,340,300,True,False,0
2026-10-04T02:13:13.6314499Z,14CA0000,40118,1100,533,340,700,340,700,2,340,300,True,False,0
2026-10-04T02:13:13.6472617Z,14CA0000,40118,1100,533,340,700,340,700,2,340,300,True,False,0
2026-10-04T02:13:13.6632657Z,14CA0000,40118,1100,533,340,700,340,700,2,340,300,True,False,0
2026-10-04T02:13:13.6792694Z,14CA0000,40118,1100,533,340,700,340,700,2,340,300,True,False,0
2026-10-04T02:13:13.6952547Z,14CA0000,40118,1100,533,340,700,340,700,2,340,300,True,False,0
2026-10-04T02:13:13.7112404Z,14CA0000,40118,1100,533,340,700,340,700,2,340,300,True,False,0
2026-10-04T02:13:13.7272108Z,14CA0000,40118,1100,533,340,700,340,700,2,340,300,True,False,0
2026-10-04T02:13:13.7432699Z,14CA0000,40118,1100,533,340,700,340,700,2,340,300,True,False,0
2026-10-04T02:13:13.7593058Z,14CA0000,40118,1100,533,340,700,340,700,2,340,300,True,False,0
2026-10-04T02:13:13.7752564Z,14CA0000,40118,1100,533,340,700,340,700,2,340,300,True,False,0
2026-10-04T02:13:13.7912529Z,14CA0000,40118,1100,533,340,700,340,700,2,340,300,True,False,0
2026-10-04T02:13:13.8073090Z,14CA0000,40118,1100,533,340,700,340,700,2,340,300,True,False,0
2026-10-04T02:13:13.8232754Z,14CA0000,40118,1100,533,340,700,340,700,2,340,300,True,False,0
2026-10-04T02:13:13.8392770Z,14CA0000,40118,1100,533,340,700,340,700,2,340,300,True,False,0
2026-10-04T02:13:13.8552616Z,14CA0000,40118,1100,533,340,700,340,700,2,340,300,True,False,0
2026-10-04T02:13:13.8713399Z,14CA0000,40118,1100,533,340,700,340,700,2,340,300,True,False,0
2026-10-04T02:13:13.8877697Z,14CA0000,40118,1100,533,340,700,340,700,2,340,300,True,False,0
2026-10-04T02:13:13.9022812Z,14CA0000,40118,1100,533,340,700,340,700,2,340,300,True,False,0
2026-10-04T02:13:13.9172982Z,14CA0000,40118,1100,533,340,700,340,700,2,340,300,True,False,0
2026-10-04T02:13:13.9328600Z,14CA0000,40118,1100,533,340,700,340,700,2,340,300,True,False,0
2026-10-04T02:13:13.9487556Z,14CA0000,40118,1100,533,340,700,340,700,2,340,300,True,False,0
2026-10-04T02:13:13.9647733Z,14CA0000,40118,1100,533,340,700,340,700,2,340,300,True,False,0
2026-10-04T02:13:13.9808109Z,14CA0000,40118,1100,533,340,700,340,700,2,340,300,True,False,0
2026-10-04T02:13:13.9968691Z,14CA0000,40118,1100,533,340,700,340,700,2,340,300,True,False,0
2026-10-04T02:13:14.0126311Z,14CA0000,40118,1100,533,340,700,340,700,2,340,300,True,False,0
2026-10-04T02:13:14.0279560Z,14CA0000,40118,1100,533,340,700,340,700,2,340,300,True,False,0
2026-10-04T02:13:14.0439558Z,14CA0000,40118,1100,533,340,700,340,700,2,340,300,True,False,0
2026-10-04T02:13:14.0599795Z,14CA0000,40118,1100,533,340,700,340,700,2,340,300,True,False,0
2026-10-04T02:13:14.0759873Z,14CA0000,40118,1100,533,340,700,340,700,2,340,300,True,False,0
2026-10-04T02:13:14.0919914Z,14CA0000,40118,1100,533,340,700,340,700,2,340,300,True,False,0
2026-10-04T02:13:14.1079960Z,14CA0000,40118,1100,533,340,700,340,700,2,340,300,True,False,0
2026-10-04T02:13:14.1239686Z,14CA0000,40118,1100,533,340,700,340,700,2,340,300,True,False,0
2026-10-04T02:13:14.1400034Z,14CA0000,40118,1100,533,340,700,340,700,2,340,300,True,False,0
2026-10-04T02:13:14.1560072Z,14CA0000,40118,1100,533,340,700,340,700,2,340,300,True,False,0
2026-10-04T02:13:14.1719756Z,14CA0000,40118,1100,533,340,700,340,700,2,340,300,True,False,0
2026-10-04T02:13:14.1880623Z,14CA0000,40118,1100,533,340,700,340,700,2,340,300,True,False,0
2026-10-04T02:13:14.2040283Z,14CA0000,40118,1100,533,340,700,340,700,2,340,300,True,False,0
2026-10-04T02:13:14.2200385Z,14CA0000,40118,1100,533,340,700,340,700,2,340,300,True,False,0
2026-10-04T02:13:14.2359983Z,14CA0000,40118,1100,533,340,700,340,700,2,340,300,True,False,0
2026-10-04T02:13:14.2509971Z,14CA0000,40118,1100,533,340,700,340,700,2,340,300,True,False,0
2026-10-04T02:13:14.2670013Z,14CA0000,40118,1100,533,340,700,340,700,2,340,300,True,False,0
2026-10-04T02:13:14.2822643Z,14CA0000,40118,1100,533,340,700,340,700,2,340,110,True,False,0
2026-10-04T02:13:14.2980224Z,14CA0000,40118,1100,533,340,700,340,700,2,340,110,True,False,0
2026-10-04T02:13:14.3140386Z,14CA0000,40118,1100,533,340,700,340,700,2,340,110,True,False,0
2026-10-04T02:13:14.3301727Z,14CA0000,40118,1100,533,340,700,340,700,2,340,110,True,False,0
2026-10-04T02:13:14.3455344Z,14CA0000,40118,1100,533,340,700,340,700,2,340,110,True,False,0
2026-10-04T02:13:14.3615023Z,14CA0000,40118,1100,533,340,700,340,700,2,340,110,True,False,0
2026-10-04T02:13:14.3776260Z,14CA0000,40118,1100,533,340,700,340,700,2,340,110,True,False,0
2026-10-04T02:13:14.3935105Z,14CA0000,40118,1100,533,340,700,340,700,2,340,110,True,False,0
2026-10-04T02:13:14.4094844Z,14CA0000,40118,1100,533,340,700,340,700,2,340,110,True,False,0
2026-10-04T02:13:14.4255226Z,14CA0000,40118,1100,533,340,700,340,700,2,340,110,True,False,0
2026-10-04T02:13:14.4405610Z,14CA0000,40118,1100,533,340,700,340,700,2,340,110,True,False,0
2026-10-04T02:13:14.4556037Z,14CA0000,40118,1100,533,340,700,340,700,2,340,110,True,False,0
2026-10-04T02:13:14.4705100Z,14CA0000,40118,1100,533,340,700,340,700,2,340,110,True,False,0
2026-10-04T02:13:14.4865754Z,14CA0000,40118,1100,533,340,700,340,700,2,340,110,True,False,0
2026-10-04T02:13:14.5016581Z,14CA0000,40118,1100,533,340,700,340,700,2,340,110,True,False,0
2026-10-04T02:13:14.5165020Z,14CA0000,40118,1100,533,340,700,340,700,2,340,110,True,False,0
2026-10-04T02:13:14.5324991Z,14CA0000,40118,1100,533,340,700,340,700,2,340,110,True,False,0
2026-10-04T02:13:14.5475274Z,14CA0000,40118,1100,533,340,700,340,700,2,340,110,True,False,0
2026-10-04T02:13:14.5635395Z,14CA0000,40118,1100,533,340,700,340,700,2,340,110,True,False,0
2026-10-04T02:13:14.5794947Z,14CA0000,40118,1100,533,340,700,340,700,2,340,110,True,False,0
2026-10-04T02:13:14.5955347Z,14CA0000,40118,1100,533,340,700,340,700,2,340,110,True,False,0
2026-10-04T02:13:14.6116722Z,14CA0000,40118,1100,533,340,700,340,700,2,340,110,True,False,0
2026-10-04T02:13:14.6274894Z,14CA0000,40118,1100,533,340,700,340,700,2,340,110,True,False,0
2026-10-04T02:13:14.6434915Z,14CA0000,40118,1100,533,340,700,340,700,2,340,110,True,False,0
2026-10-04T02:13:14.6585067Z,14CA0000,40118,1100,533,340,700,340,700,2,340,110,True,False,0
2026-10-04T02:13:14.6735194Z,14CA0000,40118,1100,533,340,700,340,700,2,340,110,True,False,0
2026-10-04T02:13:14.6895956Z,14CA0000,40118,1100,533,340,700,340,700,2,340,110,True,False,0
2026-10-04T02:13:14.7055042Z,14CA0000,40118,1100,533,340,700,340,700,2,340,110,True,False,0
2026-10-04T02:13:14.7217669Z,14CA0000,40118,1100,533,340,700,340,700,2,340,110,True,False,0
2026-10-04T02:13:14.7375753Z,14CA0000,40118,1100,533,340,700,340,700,2,340,110,True,False,0
2026-10-04T02:13:14.7535530Z,14CA0000,40118,1100,533,340,700,340,700,2,340,110,True,False,0
2026-10-04T02:13:14.7695602Z,14CA0000,40118,1100,533,340,700,340,700,2,340,110,True,False,0
2026-10-04T02:13:14.7845348Z,14CA0000,40118,1100,533,340,700,340,700,2,340,110,True,False,0
2026-10-04T02:13:14.7995995Z,14CA0000,40118,1100,533,340,700,340,700,2,340,110,True,False,0
2026-10-04T02:13:14.8156188Z,14CA0000,40118,1100,533,340,700,340,700,2,340,110,True,False,0
2026-10-04T02:13:14.8316932Z,14CA0000,40118,1100,533,340,700,340,700,2,340,110,True,False,0
2026-10-04T02:13:14.8467357Z,14CA0000,40118,1100,533,340,700,340,700,2,340,110,True,False,0
2026-10-04T02:13:14.8627104Z,14CA0000,40118,1100,533,340,700,340,700,2,340,110,True,False,0
2026-10-04T02:13:14.8776922Z,14CA0000,40118,1100,533,340,700,340,700,2,340,110,True,False,0
2026-10-04T02:13:14.8933275Z,14CA0000,40118,1100,533,340,700,340,700,2,340,110,True,False,0
2026-10-04T02:13:14.9093384Z,14CA0000,40118,1100,533,340,700,340,700,2,340,110,True,False,0
2026-10-04T02:13:14.9254007Z,14CA0000,40118,1100,533,340,700,340,700,2,340,110,True,False,0
2026-10-04T02:13:14.9416066Z,14CA0000,40118,1100,533,340,700,340,700,2,340,110,True,False,0
2026-10-04T02:13:14.9563696Z,14CA0000,40118,1100,533,340,700,340,700,2,340,110,True,False,0
2026-10-04T02:13:14.9723591Z,14CA0000,40118,1100,533,340,700,340,700,2,340,110,True,False,0
2026-10-04T02:13:14.9873335Z,14CA0000,40118,1100,533,340,700,340,700,2,340,110,True,False,0
2026-10-04T02:13:15.0033566Z,14CA0000,40118,1100,533,340,700,340,700,2,340,110,True,False,0
2026-10-04T02:13:15.0193715Z,14CA0000,40118,1100,533,340,700,340,700,2,340,110,True,False,0
2026-10-04T02:13:15.0353305Z,14CA0000,40118,1100,533,340,700,340,700,2,340,110,True,False,0
2026-10-04T02:13:15.0513790Z,14CA0000,40118,1100,533,340,700,340,700,2,340,110,True,False,0
2026-10-04T02:13:15.0673557Z,14CA0000,40118,1100,533,340,700,340,700,2,340,110,True,False,0
2026-10-04T02:13:15.0833678Z,14CA0000,40118,1100,533,340,700,340,700,2,340,110,True,False,0
2026-10-04T02:13:15.0993683Z,14CA0000,40118,1100,533,340,700,340,700,2,340,110,True,False,0
2026-10-04T02:13:15.1153245Z,14CA0000,40118,1100,533,340,700,340,700,2,340,110,True,False,0
2026-10-04T02:13:15.1313697Z,14CA0000,40118,1100,533,340,700,340,700,2,340,110,True,False,0
2026-10-04T02:13:15.1473551Z,14CA0000,40118,1100,533,340,700,340,700,2,340,110,True,False,0
2026-10-04T02:13:15.1633593Z,14CA0000,40118,1100,533,340,700,340,700,2,340,110,True,False,0
2026-10-04T02:13:15.1793721Z,14CA0000,40118,1100,533,340,700,340,700,2,340,110,True,False,0
2026-10-04T02:13:15.1954416Z,14CA0000,40118,1100,533,340,700,340,700,2,340,110,True,False,0
2026-10-04T02:13:15.2113887Z,14CA0000,40118,1100,533,340,700,340,700,2,340,110,True,False,0
2026-10-04T02:13:15.2273678Z,14CA0000,40118,1100,533,340,700,340,700,2,340,110,True,False,0
2026-10-04T02:13:15.2433739Z,14CA0000,40118,1100,533,340,700,340,700,2,340,110,True,False,0
2026-10-04T02:13:15.2593697Z,14CA0000,40118,1100,533,340,700,340,700,2,340,110,True,False,0
2026-10-04T02:13:15.2753782Z,14CA0000,40118,1100,533,340,700,340,700,2,340,110,True,False,0
2026-10-04T02:13:15.2904091Z,14CA0000,40118,1100,533,340,700,340,700,2,340,110,True,False,0
2026-10-04T02:13:15.3064649Z,14CA0000,40118,1100,533,340,700,340,700,2,340,110,True,False,0
2026-10-04T02:13:15.3214322Z,14CA0000,40118,1100,533,340,700,340,700,2,340,110,True,False,0
2026-10-04T02:13:15.3373664Z,14CA0000,40118,1100,533,340,700,340,700,2,340,110,True,False,0
2026-10-04T02:13:15.3533434Z,14CA0000,40118,1100,533,340,700,340,700,2,340,110,True,False,0
2026-10-04T02:13:15.3693649Z,14CA0000,40118,1100,533,340,700,340,700,2,340,110,True,False,0
2026-10-04T02:13:15.3843636Z,14CA0000,40118,1100,533,340,700,340,700,2,340,110,True,False,0
2026-10-04T02:13:15.3994440Z,14CA0000,40118,1100,533,340,700,340,700,2,340,110,True,False,0
2026-10-04T02:13:15.4154096Z,14CA0000,40118,1100,533,340,700,340,700,2,340,110,True,False,0
2026-10-04T02:13:15.4313373Z,14CA0000,40118,1100,533,340,700,340,700,2,340,110,True,False,0
2026-10-04T02:13:15.4474100Z,14CA0000,40118,1100,533,340,700,340,700,2,340,110,True,False,0
2026-10-04T02:13:15.4634614Z,14CA0000,40118,1100,533,340,700,340,700,2,340,110,True,False,0
2026-10-04T02:13:15.4794332Z,14CA0000,40118,1100,533,340,700,340,700,2,340,110,True,False,0
2026-10-04T02:13:15.4955156Z,14CA0000,40118,1100,533,340,700,340,700,2,340,110,True,False,0
2026-10-04T02:13:15.5114006Z,14CA0000,40118,1100,533,340,700,340,700,2,340,110,True,False,0
2026-10-04T02:13:15.5274230Z,14CA0000,40118,1100,533,340,700,340,700,2,340,110,True,False,0
2026-10-04T02:13:15.5434226Z,14CA0000,40118,1100,533,340,700,340,700,2,340,110,True,False,0
2026-10-04T02:13:15.5594281Z,14CA0000,40118,1100,533,340,700,340,700,2,340,110,True,False,0
2026-10-04T02:13:15.5753862Z,14CA0000,40118,1100,533,340,700,340,700,2,340,110,True,False,0
2026-10-04T02:13:15.5905589Z,14CA0000,40118,1100,533,340,700,340,700,2,340,110,True,False,0
2026-10-04T02:13:15.6055842Z,14CA0000,40118,1100,533,340,700,340,700,2,340,110,True,False,0
2026-10-04T02:13:15.6213808Z,14CA0000,40118,1100,533,340,700,340,700,2,340,110,True,False,0
2026-10-04T02:13:15.6373843Z,14CA0000,40118,1100,533,340,700,340,700,2,340,110,True,False,0
2026-10-04T02:13:15.6533615Z,14CA0000,40118,1100,533,340,700,340,700,2,340,110,True,False,0
2026-10-04T02:13:15.6693919Z,14CA0000,40118,1100,533,340,700,340,700,2,340,110,True,False,0
2026-10-04T02:13:15.6843651Z,14CA0000,40118,1100,533,340,700,340,700,2,340,110,True,False,0
2026-10-04T02:13:15.7003956Z,14CA0000,40118,1100,533,340,700,340,700,2,340,110,True,False,0
2026-10-04T02:13:15.7154132Z,14CA0000,40118,1100,533,340,700,340,700,2,340,110,True,False,0
2026-10-04T02:13:15.7313974Z,14CA0000,40118,1100,533,340,700,340,700,2,340,110,True,False,0
2026-10-04T02:13:15.7474241Z,14CA0000,40118,1100,533,340,700,340,700,2,340,110,True,False,0
2026-10-04T02:13:15.7633790Z,14CA0000,40118,1100,533,340,700,340,700,2,340,110,True,False,0
2026-10-04T02:13:15.7793582Z,14CA0000,40118,1100,533,340,700,340,700,2,340,110,True,False,0
2026-10-04T02:13:15.7954088Z,14CA0000,40118,1100,533,340,700,340,700,2,340,110,True,False,0
2026-10-04T02:13:15.8114586Z,14CA0000,40118,1100,533,340,700,340,700,2,340,110,True,False,0
2026-10-04T02:13:15.8273700Z,14CA0000,40118,1100,533,340,700,340,700,2,340,110,True,False,0
2026-10-04T02:13:15.8433256Z,14CA0000,40118,1100,533,340,700,340,700,2,340,110,True,False,0
2026-10-04T02:13:15.8594065Z,14CA0000,40118,1100,533,340,700,340,700,2,340,110,True,False,0
2026-10-04T02:13:15.8753750Z,14CA0000,40118,1100,533,340,700,340,700,2,340,110,True,False,0
2026-10-04T02:13:15.8913771Z,14CA0000,40118,1100,533,340,700,340,700,2,340,110,True,False,0
2026-10-04T02:13:15.9073729Z,14CA0000,40118,1100,533,340,700,340,700,2,340,110,True,False,0
2026-10-04T02:13:15.9236233Z,14CA0000,40118,1100,533,340,700,340,700,2,340,110,True,False,0
2026-10-04T02:13:15.9393682Z,14CA0000,40118,1100,533,340,700,340,700,2,340,110,True,False,0
2026-10-04T02:13:15.9549216Z,14CA0000,40118,1100,533,340,700,340,700,2,340,110,True,False,0
2026-10-04T02:13:15.9708940Z,14CA0000,40118,1100,533,340,700,340,700,2,340,110,True,False,0
2026-10-04T02:13:15.9868593Z,14CA0000,40118,1100,533,340,700,340,700,2,340,110,True,False,0
2026-10-04T02:13:16.0028163Z,14CA0000,40118,1100,533,340,700,340,700,2,340,110,True,False,0
2026-10-04T02:13:16.0188247Z,14CA0000,40118,1100,533,340,700,340,700,2,340,110,True,False,0
2026-10-04T02:13:16.0339697Z,14CA0000,40118,1100,533,340,700,340,700,2,340,110,True,False,0
2026-10-04T02:13:16.0488047Z,14CA0000,40118,1100,533,340,700,340,700,2,340,110,True,False,0
2026-10-04T02:13:16.0648256Z,14CA0000,40118,1100,533,340,700,340,700,2,340,110,True,False,0
2026-10-04T02:13:16.0807998Z,14CA0000,40118,1100,533,340,700,340,700,2,340,110,True,False,0
2026-10-04T02:13:16.0968352Z,14CA0000,40118,1100,533,340,700,340,700,2,340,110,True,False,0
2026-10-04T02:13:16.1127978Z,14CA0000,40118,1100,533,340,700,340,700,2,340,110,True,False,0
2026-10-04T02:13:16.1287910Z,14CA0000,40118,1100,533,340,700,340,700,2,340,110,True,False,0
2026-10-04T02:13:16.1449932Z,14CA0000,40118,1100,533,340,700,340,700,2,340,110,True,False,0
2026-10-04T02:13:16.1607824Z,14CA0000,40118,1100,533,340,700,340,700,2,340,110,True,False,0
2026-10-04T02:13:16.1768178Z,14CA0000,40118,1100,533,340,700,340,700,2,340,110,True,False,0
2026-10-04T02:13:16.1929100Z,14CA0000,40118,1100,533,340,700,340,700,2,340,110,True,False,0
2026-10-04T02:13:16.2088694Z,14CA0000,40118,1100,533,340,700,340,700,2,340,110,True,False,0
2026-10-04T02:13:16.2248315Z,14CA0000,40118,1100,533,340,700,340,700,2,340,110,True,False,0
2026-10-04T02:13:16.2398740Z,14CA0000,40118,1100,533,340,700,340,700,2,340,110,True,False,0
2026-10-04T02:13:16.2551401Z,14CA0000,40118,1100,533,340,700,340,700,2,340,110,True,False,0
2026-10-04T02:13:16.2708883Z,14CA0000,40118,1100,533,340,700,340,700,2,340,110,True,False,0
2026-10-04T02:13:16.2868215Z,14CA0000,40118,1100,533,340,700,340,700,2,340,110,True,False,0
2026-10-04T02:13:16.3028707Z,14CA0000,40118,1100,533,340,700,340,700,2,340,110,True,False,0
2026-10-04T02:13:16.3188417Z,14CA0000,40118,1100,533,340,700,340,700,2,340,110,True,False,0
2026-10-04T02:13:16.3343728Z,14CA0000,40118,1100,533,340,700,340,700,2,340,110,True,False,0
2026-10-04T02:13:16.3493868Z,14CA0000,40118,1100,533,340,700,340,700,2,340,110,True,False,0
2026-10-04T02:13:16.3643331Z,14CA0000,40118,1100,533,340,700,340,700,2,340,110,True,False,0
2026-10-04T02:13:16.3803847Z,14CA0000,40118,1100,533,340,700,340,700,2,340,110,True,False,0
2026-10-04T02:13:16.3963563Z,14CA0000,40118,1100,533,340,700,340,700,2,340,110,True,False,0
2026-10-04T02:13:16.4113650Z,14CA0000,40118,1100,533,340,700,340,700,2,340,110,True,False,0
2026-10-04T02:13:16.4263854Z,14CA0000,40118,1100,533,340,700,340,700,2,340,110,True,False,0
2026-10-04T02:13:16.4424044Z,14CA0000,40118,1100,533,340,700,340,700,2,340,110,True,False,0
2026-10-04T02:13:16.4583733Z,14CA0000,40118,1100,533,340,700,340,700,2,340,110,True,False,0
2026-10-04T02:13:16.4733675Z,14CA0000,40118,1100,533,340,700,340,700,2,340,110,True,False,0
2026-10-04T02:13:16.4883412Z,14CA0000,40118,1100,533,340,700,340,700,2,340,110,True,False,0
2026-10-04T02:13:16.5044298Z,14CA0000,40118,1100,533,340,700,340,700,2,340,110,True,False,0
2026-10-04T02:13:16.5203794Z,14CA0000,40118,1100,533,340,700,340,700,2,340,110,True,False,0
2026-10-04T02:13:16.5363796Z,14CA0000,40118,1100,533,340,700,340,700,2,340,110,True,False,0
2026-10-04T02:13:16.5524139Z,14CA0000,40118,1100,533,340,700,340,700,2,340,110,True,False,0
2026-10-04T02:13:16.5683393Z,14CA0000,40118,1100,533,340,700,340,700,2,340,110,True,False,0
2026-10-04T02:13:16.5843722Z,14CA0000,40118,1100,533,340,700,340,700,2,340,110,True,False,0
2026-10-04T02:13:16.5995068Z,14CA0000,40118,1100,533,340,700,340,700,2,340,110,True,False,0
2026-10-04T02:13:16.6154178Z,14CA0000,40118,1100,533,340,700,340,700,2,340,110,True,False,0
2026-10-04T02:13:16.6303923Z,14CA0000,40118,1100,533,340,700,340,700,2,340,110,True,False,0
2026-10-04T02:13:16.6463914Z,14CA0000,40118,1100,533,340,700,340,700,2,340,110,True,False,0
2026-10-04T02:13:16.6623702Z,14CA0000,40118,1100,533,340,700,340,700,2,340,110,True,False,0
2026-10-04T02:13:16.6783564Z,14CA0000,40118,1100,533,340,700,340,700,2,340,110,True,False,0
2026-10-04T02:13:16.6945805Z,14CA0000,40118,1100,533,340,700,340,700,2,340,110,True,False,0
2026-10-04T02:13:16.7103694Z,14CA0000,40118,1100,533,340,700,340,700,2,340,110,True,False,0
2026-10-04T02:13:16.7263798Z,14CA0000,40118,1100,533,340,700,340,700,2,340,110,True,False,0
2026-10-04T02:13:16.7423281Z,14CA0000,40118,1100,533,340,700,340,700,2,340,110,True,False,0
2026-10-04T02:13:16.7583350Z,14CA0000,40118,1100,533,340,700,340,700,2,340,110,True,False,0
2026-10-04T02:13:16.7733819Z,14CA0000,40118,1100,533,340,700,340,700,2,340,110,True,False,0
2026-10-04T02:13:16.7893917Z,14CA0000,40118,1100,533,340,700,340,700,2,340,110,True,False,0
2026-10-04T02:13:16.8046670Z,14CA0000,40118,1100,533,340,700,340,700,2,340,110,True,False,0
2026-10-04T02:13:16.8203892Z,14CA0000,40118,1100,533,340,700,340,700,2,340,110,True,False,0
2026-10-04T02:13:16.8363697Z,14CA0000,40118,1100,533,340,700,340,700,2,340,110,True,False,0
2026-10-04T02:13:16.8523833Z,14CA0000,40118,1100,533,340,700,340,700,2,340,110,True,False,0
2026-10-04T02:13:16.8683752Z,14CA0000,40118,1100,533,340,700,340,700,2,340,110,True,False,0
2026-10-04T02:13:16.8833817Z,14CA0000,40118,1100,533,340,700,340,700,2,340,110,True,False,0
2026-10-04T02:13:16.8984062Z,14CA0000,40118,1100,533,340,700,340,700,2,340,110,True,False,0
2026-10-04T02:13:16.9146130Z,14CA0000,40118,1100,533,340,700,340,700,2,340,110,True,False,0
2026-10-04T02:13:16.9304241Z,14CA0000,40118,1100,533,340,700,340,700,2,340,110,True,False,0
2026-10-04T02:13:16.9466134Z,14CA0000,40118,1100,533,340,700,340,700,2,340,110,True,False,0
2026-10-04T02:13:16.9623959Z,14CA0000,40118,1100,533,340,700,340,700,2,340,110,True,False,0
2026-10-04T02:13:16.9783927Z,14CA0000,40118,1100,533,340,700,340,700,2,340,110,True,False,0
2026-10-04T02:13:16.9943902Z,14CA0000,40118,1100,533,340,700,340,700,2,340,110,True,False,0
2026-10-04T02:13:17.0104301Z,14CA0000,40118,1100,533,340,700,340,700,2,340,110,True,False,0
2026-10-04T02:13:17.0263926Z,14CA0000,40118,1100,533,340,700,340,700,2,340,110,True,False,0
2026-10-04T02:13:17.0413979Z,14CA0000,40118,1100,533,340,700,340,700,2,340,110,True,False,0
2026-10-04T02:13:17.0569360Z,14CA0000,40118,1100,533,340,700,340,700,2,340,110,True,False,0
2026-10-04T02:13:17.0728623Z,14CA0000,40118,1100,533,340,700,340,700,2,340,110,True,False,0
2026-10-04T02:13:17.0889002Z,14CA0000,40118,1100,533,340,700,340,700,2,340,110,True,False,0
2026-10-04T02:13:17.1049191Z,14CA0000,40118,1100,533,340,700,340,700,2,340,110,True,False,0
2026-10-04T02:13:17.1209507Z,14CA0000,40118,1100,533,340,700,340,700,2,340,110,True,False,0
2026-10-04T02:13:17.1368945Z,14CA0000,40118,1100,533,340,700,340,700,2,340,110,True,False,0
2026-10-04T02:13:17.1528846Z,14CA0000,40118,1100,533,340,700,340,700,2,340,110,True,False,0
2026-10-04T02:13:17.1679882Z,14CA0000,40118,1100,533,340,700,340,700,2,340,110,True,False,0
2026-10-04T02:13:17.1830826Z,14CA0000,40118,1100,533,340,700,340,700,2,340,110,True,False,0
2026-10-04T02:13:17.1990565Z,14CA0000,40118,1100,533,340,700,340,700,2,340,110,True,False,0
2026-10-04T02:13:17.2150311Z,14CA0000,40118,1100,533,340,700,340,700,2,340,110,True,False,0
2026-10-04T02:13:17.2310143Z,14CA0000,40118,1100,533,340,700,340,700,2,340,110,True,False,0
2026-10-04T02:13:17.2470223Z,14CA0000,40118,1100,533,340,700,340,700,2,340,110,True,False,0
2026-10-04T02:13:17.2630089Z,14CA0000,40118,1100,533,340,700,340,700,2,340,110,True,False,0
2026-10-04T02:13:17.2789892Z,14CA0000,40118,1100,533,340,700,340,700,2,340,110,True,False,0
2026-10-04T02:13:17.2950261Z,14CA0000,40118,1100,533,340,700,340,700,2,340,110,True,False,0
2026-10-04T02:13:17.3110502Z,14CA0000,40118,1100,533,340,700,340,700,2,340,110,True,False,0
2026-10-04T02:13:17.3269973Z,14CA0000,40118,1100,533,340,700,340,700,2,340,110,True,False,0
2026-10-04T02:13:17.3430385Z,14CA0000,40118,1100,533,340,700,340,700,2,340,110,True,False,0
2026-10-04T02:13:17.3589965Z,14CA0000,40118,1100,533,340,700,340,700,2,340,110,True,False,0
2026-10-04T02:13:17.3750147Z,14CA0000,40118,1100,533,340,700,340,700,2,340,110,True,False,0
2026-10-04T02:13:17.3900139Z,14CA0000,40118,1100,533,340,700,340,700,2,340,110,True,False,0
2026-10-04T02:13:17.4049560Z,14CA0000,40118,1100,533,340,700,340,700,2,340,110,True,False,0
2026-10-04T02:13:17.4210426Z,14CA0000,40118,1100,533,340,700,340,700,2,340,110,True,False,0
2026-10-04T02:13:17.4369846Z,14CA0000,40118,1100,533,340,700,340,700,2,340,110,True,False,0
2026-10-04T02:13:17.4529962Z,14CA0000,40118,1100,533,340,700,340,700,2,340,110,True,False,0
2026-10-04T02:13:17.4679458Z,14CA0000,40118,1100,533,340,700,340,700,2,340,110,True,False,0
2026-10-04T02:13:17.4829958Z,14CA0000,40118,1100,533,340,700,340,700,2,340,110,True,False,0
2026-10-04T02:13:17.4989826Z,14CA0000,40118,1100,533,340,700,340,700,2,340,110,True,False,0
2026-10-04T02:13:17.5150629Z,14CA0000,40118,1100,533,340,700,340,700,2,340,110,True,False,0
2026-10-04T02:13:17.5309981Z,14CA0000,40118,1100,533,340,700,340,700,2,340,110,True,False,0
2026-10-04T02:13:17.5469917Z,14CA0000,40118,1100,533,340,700,340,700,2,340,110,True,False,0
2026-10-04T02:13:17.5629857Z,14CA0000,40118,1100,533,340,700,340,700,2,340,110,True,False,0
2026-10-04T02:13:17.5789873Z,14CA0000,40118,1100,533,340,700,340,700,2,340,110,True,False,0
2026-10-04T02:13:17.5950148Z,14CA0000,40118,1100,533,340,700,340,700,2,340,110,True,False,0
2026-10-04T02:13:17.6109888Z,14CA0000,40118,1100,533,340,700,340,700,2,340,110,True,False,0
2026-10-04T02:13:17.6269816Z,14CA0000,40118,1100,533,340,700,340,700,2,340,110,True,False,0
2026-10-04T02:13:17.6430561Z,14CA0000,40118,1100,533,340,700,340,700,2,340,110,True,False,0
2026-10-04T02:13:17.6589855Z,14CA0000,40118,1100,533,340,700,340,700,2,340,110,True,False,0
2026-10-04T02:13:17.6749852Z,14CA0000,40118,1100,533,340,700,340,700,2,340,110,True,False,0
2026-10-04T02:13:17.6909482Z,14CA0000,40118,1100,533,340,700,340,700,2,340,110,True,False,0
2026-10-04T02:13:17.7060114Z,14CA0000,40118,1100,533,340,700,340,700,2,340,110,True,False,0
2026-10-04T02:13:17.7210132Z,14CA0000,40118,1100,533,340,700,340,700,2,340,110,True,False,0
2026-10-04T02:13:17.7370312Z,14CA0000,40118,1100,533,340,700,340,700,2,340,110,True,False,0
2026-10-04T02:13:17.7529966Z,14CA0000,40118,1100,533,340,700,340,700,2,340,110,True,False,0
2026-10-04T02:13:17.7690061Z,14CA0000,40118,1100,533,340,700,340,700,2,340,110,True,False,0
2026-10-04T02:13:17.7849751Z,14CA0000,40118,1100,533,340,700,340,700,2,340,110,True,False,0
2026-10-04T02:13:17.8010513Z,14CA0000,40118,1100,533,340,700,340,700,2,340,110,True,False,0
2026-10-04T02:13:17.8170047Z,14CA0000,40118,1100,533,340,700,340,700,2,340,110,True,False,0
2026-10-04T02:13:17.8329962Z,14CA0000,40118,1100,533,340,700,340,700,2,340,110,True,False,0
2026-10-04T02:13:17.8481590Z,14CA0000,40118,1100,533,340,700,340,700,2,340,110,True,False,0
2026-10-04T02:13:17.8630243Z,14CA0000,40118,1100,533,340,700,340,700,2,340,110,True,False,0
2026-10-04T02:13:17.8790133Z,14CA0000,40118,1100,533,340,700,340,700,2,340,110,True,False,0
2026-10-04T02:13:17.8942919Z,14CA0000,40118,1100,533,340,700,340,700,2,340,110,True,False,0
2026-10-04T02:13:17.9091449Z,14CA0000,40118,1100,533,340,700,340,700,2,340,110,True,False,0
2026-10-04T02:13:17.9252025Z,14CA0000,40118,1100,533,340,700,340,700,2,340,110,True,False,0
2026-10-04T02:13:17.9411309Z,14CA0000,40118,1100,533,340,700,340,700,2,340,110,True,False,0
2026-10-04T02:13:17.9571928Z,14CA0000,40118,1100,533,340,700,340,700,2,340,110,True,False,0
2026-10-04T02:13:17.9732501Z,14CA0000,40118,1100,533,340,700,340,700,2,340,110,True,False,0
2026-10-04T02:13:17.9891748Z,14CA0000,40118,1100,533,340,700,340,700,2,340,110,True,False,0
2026-10-04T02:13:18.0055818Z,14CA0000,40118,1100,533,340,700,340,700,2,340,110,True,False,0
2026-10-04T02:13:18.0212202Z,14CA0000,40118,1100,533,340,700,340,700,2,340,110,True,False,0
2026-10-04T02:13:18.0371601Z,14CA0000,40118,1100,533,340,700,340,700,2,340,110,True,False,0
2026-10-04T02:13:18.0531659Z,14CA0000,40118,1100,533,340,700,340,700,2,340,110,True,False,0
2026-10-04T02:13:18.0691463Z,14CA0000,40118,1100,533,340,700,340,700,2,340,110,True,False,0
2026-10-04T02:13:18.0851679Z,14CA0000,40118,1100,533,340,700,340,700,2,340,110,True,False,0
2026-10-04T02:13:18.1011325Z,14CA0000,40118,1100,533,340,700,340,700,2,340,110,True,False,0
2026-10-04T02:13:18.1173836Z,14CA0000,40118,1100,533,340,700,340,700,2,340,110,True,False,0
2026-10-04T02:13:18.1321435Z,14CA0000,40118,1100,533,340,700,340,700,2,340,110,True,False,0
2026-10-04T02:13:18.1471800Z,14CA0000,40118,1100,533,340,700,340,700,2,340,110,True,False,0
2026-10-04T02:13:18.1632209Z,14CA0000,40118,1100,533,340,700,340,700,2,340,110,True,False,0
2026-10-04T02:13:18.1791882Z,14CA0000,40118,1100,533,340,700,340,700,2,340,110,True,False,0
2026-10-04T02:13:18.1952453Z,14CA0000,40118,1100,533,340,700,340,700,2,340,110,True,False,0
2026-10-04T02:13:18.2111538Z,14CA0000,40118,1100,533,340,700,340,700,2,340,110,True,False,0
2026-10-04T02:13:18.2273463Z,14CA0000,40118,1100,533,340,700,340,700,2,340,110,True,False,0
2026-10-04T02:13:18.2431627Z,14CA0000,40118,1100,533,340,700,340,700,2,340,110,True,False,0
2026-10-04T02:13:18.2592560Z,14CA0000,40118,1100,533,340,700,340,700,2,340,110,True,False,0
2026-10-04T02:13:18.2746973Z,14CA0000,40118,1100,533,340,700,340,700,2,340,110,True,False,0
2026-10-04T02:13:18.2906681Z,14CA0000,40118,1100,533,340,700,340,700,2,340,110,True,False,0
2026-10-04T02:13:18.3068168Z,14CA0000,40118,1100,533,340,700,340,700,2,340,110,True,False,0
2026-10-04T02:13:18.3218013Z,14CA0000,40118,1100,533,340,700,340,700,2,340,110,True,False,0
2026-10-04T02:13:18.3379127Z,14CA0000,40118,1100,533,340,700,340,700,2,340,110,True,False,0
2026-10-04T02:13:18.3526573Z,14CA0000,40118,1100,533,340,700,340,700,2,340,110,True,False,0
2026-10-04T02:13:18.3678281Z,14CA0000,40118,1100,533,340,700,340,700,2,340,110,True,False,0
2026-10-04T02:13:18.3832949Z,14CA0000,40118,1100,533,340,700,340,700,2,340,110,True,False,0
2026-10-04T02:13:18.3982864Z,14CA0000,40118,1100,533,340,700,340,700,2,340,110,True,False,0
2026-10-04T02:13:18.4142602Z,14CA0000,40118,1100,533,340,700,340,700,2,340,110,True,False,0
2026-10-04T02:13:18.4302918Z,14CA0000,40118,1100,533,340,700,340,700,2,340,110,True,False,0
2026-10-04T02:13:18.4453145Z,14CA0000,40118,1100,533,340,700,340,700,2,340,110,True,False,0
2026-10-04T02:13:18.4612861Z,14CA0000,40118,1100,533,340,700,340,700,2,340,110,True,False,0
2026-10-04T02:13:18.4762937Z,14CA0000,40118,1100,533,340,700,340,700,2,340,110,True,False,0
2026-10-04T02:13:18.4922805Z,14CA0000,40118,1100,533,340,700,340,700,2,340,110,True,False,0
2026-10-04T02:13:18.5082621Z,14CA0000,40118,1100,533,340,700,340,700,2,340,110,True,False,0
2026-10-04T02:13:18.5242971Z,14CA0000,40118,1100,533,340,700,340,700,2,340,110,True,False,0
2026-10-04T02:13:18.5403544Z,14CA0000,40118,1100,533,340,700,340,700,2,340,110,True,False,0
2026-10-04T02:13:18.5562762Z,14CA0000,40118,1100,533,340,700,340,700,2,340,110,True,False,0
2026-10-04T02:13:18.5722268Z,14CA0000,40118,1100,533,340,700,340,700,2,340,110,True,False,0
2026-10-04T02:13:18.5883807Z,14CA0000,40118,1100,533,340,700,340,700,2,340,110,True,False,0
2026-10-04T02:13:18.6043009Z,14CA0000,40118,1100,533,340,700,340,700,2,340,110,True,False,0
2026-10-04T02:13:18.6202852Z,14CA0000,40118,1100,533,340,700,340,700,2,340,110,True,False,0
2026-10-04T02:13:18.6362880Z,14CA0000,40118,1100,533,340,700,340,700,2,340,110,True,False,0
2026-10-04T02:13:18.6522926Z,14CA0000,40118,1100,533,340,700,340,700,2,340,110,True,False,0
2026-10-04T02:13:18.6682857Z,14CA0000,40118,1100,533,340,700,340,700,2,340,110,True,False,0
2026-10-04T02:13:18.6842845Z,14CA0000,40118,1100,533,340,700,340,700,2,340,110,True,False,0
2026-10-04T02:13:18.7002793Z,14CA0000,40118,1100,533,340,700,340,700,2,340,110,True,False,0
2026-10-04T02:13:18.7163003Z,14CA0000,40118,1100,533,340,700,340,700,2,340,110,True,False,0
2026-10-04T02:13:18.7312674Z,14CA0000,40118,1100,533,340,700,340,700,2,340,110,True,False,0
2026-10-04T02:13:18.7462894Z,14CA0000,40118,1100,533,340,700,340,700,2,340,110,True,False,0
2026-10-04T02:13:18.7622662Z,14CA0000,40118,1100,533,340,700,340,700,2,340,110,True,False,0
2026-10-04T02:13:18.7782672Z,14CA0000,40118,1100,533,340,700,340,700,2,340,110,True,False,0
2026-10-04T02:13:18.7942557Z,14CA0000,40118,1100,533,340,700,340,700,2,340,110,True,False,0
2026-10-04T02:13:18.8093175Z,14CA0000,40118,1100,533,340,700,340,700,2,340,110,True,False,0
2026-10-04T02:13:18.8243731Z,14CA0000,40118,1100,533,340,700,340,700,2,340,110,True,False,0
2026-10-04T02:13:18.8403672Z,14CA0000,40118,1100,533,340,700,340,700,2,340,110,True,False,0
2026-10-04T02:13:18.8563905Z,14CA0000,40118,1100,533,340,700,340,700,2,340,110,True,False,0
2026-10-04T02:13:18.8723278Z,14CA0000,40118,1100,533,340,700,340,700,2,340,110,True,False,0
2026-10-04T02:13:18.8884947Z,14CA0000,40118,1100,533,340,700,340,700,2,340,110,True,False,0
2026-10-04T02:13:18.9043539Z,14CA0000,40118,1100,533,340,700,340,700,2,340,110,True,False,0
2026-10-04T02:13:18.9203931Z,14CA0000,40118,1100,533,340,700,340,700,2,340,110,True,False,0
2026-10-04T02:13:18.9363286Z,14CA0000,40118,1100,533,340,700,340,700,2,340,110,True,False,0
2026-10-04T02:13:18.9523114Z,14CA0000,40118,1100,533,340,700,340,700,2,340,110,True,False,0
2026-10-04T02:13:18.9683724Z,14CA0000,40118,1100,533,340,700,340,700,2,340,110,True,False,0
2026-10-04T02:13:18.9844644Z,14CA0000,40118,1100,533,340,700,340,700,2,340,110,True,False,0
2026-10-04T02:13:19.0003341Z,14CA0000,40118,1100,533,340,700,340,700,2,340,110,True,False,0
2026-10-04T02:13:19.0163464Z,14CA0000,40118,1100,533,340,700,340,700,2,340,110,True,False,0
2026-10-04T02:13:19.0312841Z,14CA0000,40118,1100,533,340,700,340,700,2,340,110,True,False,0
2026-10-04T02:13:19.0473347Z,14CA0000,40118,1100,533,340,700,340,700,2,340,110,True,False,0
2026-10-04T02:13:19.0622730Z,14CA0000,40118,1100,533,340,700,340,700,2,340,110,True,False,0
2026-10-04T02:13:19.0783185Z,14CA0000,40118,1100,533,340,700,340,700,2,340,110,True,False,0
2026-10-04T02:13:19.0944629Z,14CA0000,40118,1100,533,340,700,340,700,2,340,110,True,False,0
2026-10-04T02:13:19.1102725Z,14CA0000,40118,1100,533,340,700,340,700,2,340,110,True,False,0
2026-10-04T02:13:19.1252868Z,14CA0000,40118,1100,533,340,700,340,700,2,340,110,True,False,0
2026-10-04T02:13:19.1403432Z,14CA0000,40118,1100,533,340,700,340,700,2,340,110,True,False,0
2026-10-04T02:13:19.1552773Z,14CA0000,40118,1100,533,340,700,340,700,2,340,110,True,False,0
2026-10-04T02:13:19.1714269Z,14CA0000,40118,1100,533,340,700,340,700,2,340,110,True,False,0
2026-10-04T02:13:19.1863447Z,14CA0000,40118,1100,533,340,700,340,700,2,340,110,True,False,0
2026-10-04T02:13:19.2012935Z,14CA0000,40118,1100,533,340,700,340,700,2,340,110,True,False,0
2026-10-04T02:13:19.2172712Z,14CA0000,40118,1100,533,340,700,340,700,2,340,110,True,False,0
2026-10-04T02:13:19.2322796Z,14CA0000,40118,1100,533,340,700,340,700,2,340,110,True,False,0
2026-10-04T02:13:19.2482876Z,14CA0000,40118,1100,533,340,700,340,700,2,340,110,True,False,0
2026-10-04T02:13:19.2642849Z,14CA0000,40118,1100,533,340,700,340,700,2,340,110,True,False,0
2026-10-04T02:13:19.2802818Z,14CA0000,40118,1100,533,340,700,340,700,2,340,110,True,False,0
2026-10-04T02:13:19.2962842Z,14CA0000,40118,1100,533,340,700,340,700,2,340,110,True,False,0
2026-10-04T02:13:19.3125591Z,14CA0000,40118,1100,533,340,700,340,700,2,340,110,True,False,0
2026-10-04T02:13:19.3282762Z,14CA0000,40118,1100,533,340,700,340,700,2,340,110,True,False,0
2026-10-04T02:13:19.3442928Z,14CA0000,40118,1100,533,340,700,340,700,2,340,110,True,False,0
2026-10-04T02:13:19.3602861Z,14CA0000,40118,1100,533,340,700,340,700,2,340,110,True,False,0
2026-10-04T02:13:19.3757780Z,14CA0000,40118,1100,533,340,700,340,700,2,340,110,True,False,0
2026-10-04T02:13:19.3917657Z,14CA0000,40118,1100,533,340,700,340,700,2,340,110,True,False,0
2026-10-04T02:13:19.4071565Z,14CA0000,40118,1100,533,340,700,340,700,2,340,110,True,False,0
2026-10-04T02:13:19.4221984Z,14CA0000,40118,1100,533,340,700,340,700,2,340,110,True,False,0
2026-10-04T02:13:19.4381297Z,14CA0000,40118,1100,533,340,700,340,700,2,340,110,True,False,0
2026-10-04T02:13:19.4541244Z,14CA0000,40118,1100,533,340,700,340,700,2,340,110,True,False,0
2026-10-04T02:13:19.4700908Z,14CA0000,40118,1100,533,340,700,340,700,2,340,110,True,False,0
2026-10-04T02:13:19.4860619Z,14CA0000,40118,1100,533,340,700,340,700,2,340,110,True,False,0
2026-10-04T02:13:19.5020578Z,14CA0000,40118,1100,533,340,700,340,700,2,340,110,True,False,0
2026-10-04T02:13:19.5171394Z,14CA0000,40118,1100,533,340,700,340,700,2,340,110,True,False,0
2026-10-04T02:13:19.5332154Z,14CA0000,40118,1100,533,340,700,340,700,2,340,110,True,False,0
2026-10-04T02:13:19.5480550Z,14CA0000,40118,1100,533,340,700,340,700,2,340,110,True,False,0
2026-10-04T02:13:19.5641213Z,14CA0000,40118,1100,533,340,700,340,700,2,340,110,True,False,0
2026-10-04T02:13:19.5801060Z,14CA0000,40118,1100,533,340,700,340,700,2,340,110,True,False,0
2026-10-04T02:13:19.5961318Z,14CA0000,40118,1100,533,340,700,340,700,2,340,110,True,False,0
2026-10-04T02:13:19.6121008Z,14CA0000,40118,1100,533,340,700,340,700,2,340,110,True,False,0
2026-10-04T02:13:19.6281043Z,14CA0000,40118,1100,533,340,700,340,700,2,340,110,True,False,0
2026-10-04T02:13:19.6442479Z,14CA0000,40118,1100,533,340,700,340,700,2,340,110,True,False,0
2026-10-04T02:13:19.6600995Z,14CA0000,40118,1100,533,340,700,340,700,2,340,110,True,False,0
2026-10-04T02:13:19.6761128Z,14CA0000,40118,1100,533,340,700,340,700,2,340,110,True,False,0
2026-10-04T02:13:19.6920857Z,14CA0000,40118,1100,533,340,700,340,700,2,340,110,True,False,0
2026-10-04T02:13:19.7071338Z,14CA0000,40118,1100,533,340,700,340,700,2,340,110,True,False,0
2026-10-04T02:13:19.7221116Z,14CA0000,40118,1100,533,340,700,340,700,2,340,110,True,False,0
2026-10-04T02:13:19.7381380Z,14CA0000,40118,1100,533,340,700,340,700,2,340,110,True,False,0
2026-10-04T02:13:19.7541030Z,14CA0000,40118,1100,533,340,700,340,700,2,340,110,True,False,0
2026-10-04T02:13:19.7700460Z,14CA0000,40118,1100,533,340,700,340,700,2,340,110,True,False,0
2026-10-04T02:13:19.7861028Z,14CA0000,40118,1100,533,340,700,340,700,2,340,110,True,False,0
2026-10-04T02:13:19.8021362Z,14CA0000,40118,1100,533,340,700,340,700,2,340,110,True,False,0
2026-10-04T02:13:19.8170997Z,14CA0000,40118,1100,533,340,700,340,700,2,340,110,True,False,0
2026-10-04T02:13:19.8321598Z,14CA0000,40118,1100,533,340,700,340,700,2,340,110,True,False,0
2026-10-04T02:13:19.8481902Z,14CA0000,40118,1100,533,340,700,340,700,2,340,110,True,False,0
2026-10-04T02:13:19.8642665Z,14CA0000,40118,1100,533,340,700,340,700,2,340,110,True,False,0
2026-10-04T02:13:19.8791005Z,14CA0000,40118,1100,533,340,700,340,700,2,340,110,True,False,0
2026-10-04T02:13:19.8947081Z,14CA0000,40118,1100,533,340,700,340,700,2,340,110,True,False,0
2026-10-04T02:13:19.9102787Z,14CA0000,40118,1100,533,340,700,340,700,2,340,110,True,False,0
2026-10-04T02:13:19.9263265Z,14CA0000,40118,1100,533,340,700,340,700,2,340,110,True,False,0
2026-10-04T02:13:19.9422716Z,14CA0000,40118,1100,533,340,700,340,700,2,340,110,True,False,0
2026-10-04T02:13:19.9582856Z,14CA0000,40118,1100,533,340,700,340,700,2,340,110,True,False,0
2026-10-04T02:13:19.9735790Z,14CA0000,40118,1100,533,340,700,340,700,2,340,110,True,False,0
2026-10-04T02:13:19.9883258Z,14CA0000,40118,1100,533,340,700,340,700,2,340,110,True,False,0
2026-10-04T02:13:20.0032614Z,14CA0000,40118,1100,533,340,700,340,700,2,340,110,True,False,0
2026-10-04T02:13:20.0192586Z,14CA0000,40118,1100,533,340,700,340,700,2,340,110,True,False,0
2026-10-04T02:13:20.0343775Z,14CA0000,40118,1100,533,340,700,340,700,2,340,110,True,False,0
2026-10-04T02:13:20.0502951Z,14CA0000,40118,1100,533,340,700,340,700,2,340,110,True,False,0
2026-10-04T02:13:20.0663438Z,14CA0000,40118,1100,533,340,700,340,700,2,340,110,True,False,0
2026-10-04T02:13:20.0813990Z,14CA0000,40118,1100,533,340,700,340,700,2,340,110,True,False,0
2026-10-04T02:13:20.0972731Z,14CA0000,40118,1100,533,340,700,340,700,2,340,110,True,False,0
2026-10-04T02:13:20.1122698Z,14CA0000,40118,1100,533,340,700,340,700,2,340,110,True,False,0
2026-10-04T02:13:20.1282653Z,14CA0000,40118,1100,533,340,700,340,700,2,340,110,True,False,0
2026-10-04T02:13:20.1442583Z,14CA0000,40118,1100,533,340,700,340,700,2,340,110,True,False,0
2026-10-04T02:13:20.1602396Z,14CA0000,40118,1100,533,340,700,340,700,2,340,110,True,False,0
2026-10-04T02:13:20.1752920Z,14CA0000,40118,1100,533,340,700,340,700,2,340,110,True,False,0
2026-10-04T02:13:20.1905665Z,14CA0000,40118,1100,533,340,700,340,700,2,340,110,True,False,0
2026-10-04T02:13:20.2063285Z,14CA0000,40118,1100,533,340,700,340,700,2,340,110,True,False,0
2026-10-04T02:13:20.2222666Z,14CA0000,40118,1100,533,340,700,340,700,2,340,110,True,False,0
2026-10-04T02:13:20.2383026Z,14CA0000,40118,1100,533,340,700,340,700,2,340,110,True,False,0
2026-10-04T02:13:20.2543139Z,14CA0000,40118,1100,533,340,700,340,700,2,340,110,True,False,0
2026-10-04T02:13:20.2702786Z,14CA0000,40118,1100,533,340,700,340,700,2,340,110,True,False,0
2026-10-04T02:13:20.2856355Z,14CA0000,40118,1100,533,340,700,340,700,2,340,110,True,False,0
2026-10-04T02:13:20.3007806Z,14CA0000,40118,1100,533,340,700,340,700,2,340,110,True,False,0
2026-10-04T02:13:20.3156799Z,14CA0000,40118,1100,533,340,700,340,700,2,340,110,True,False,0
2026-10-04T02:13:20.3316542Z,14CA0000,40118,1100,533,340,700,340,700,2,340,110,True,False,0
2026-10-04T02:13:20.3471755Z,14CA0000,40118,1100,533,340,700,340,700,2,340,110,True,False,0
2026-10-04T02:13:20.3631731Z,14CA0000,40118,1100,533,340,700,340,700,2,340,110,True,False,0
2026-10-04T02:13:20.3791726Z,14CA0000,40118,1100,533,340,700,340,700,2,340,110,True,False,0
2026-10-04T02:13:20.3951959Z,14CA0000,40118,1100,533,340,700,340,700,2,340,110,True,False,0
2026-10-04T02:13:20.4111981Z,14CA0000,40118,1100,533,340,700,340,700,2,340,110,True,False,0
2026-10-04T02:13:20.4272130Z,14CA0000,40118,1100,533,340,700,340,700,2,340,110,True,False,0
2026-10-04T02:13:20.4427147Z,14CA0000,40118,1100,533,340,700,340,700,2,340,110,True,False,0
2026-10-04T02:13:20.4587302Z,14CA0000,40118,1100,533,340,700,340,700,2,340,110,True,False,0
2026-10-04T02:13:20.4737753Z,14CA0000,40118,1100,533,340,700,340,700,2,340,110,True,False,0
2026-10-04T02:13:20.4897359Z,14CA0000,40118,1100,533,340,700,340,700,2,340,110,True,False,0
2026-10-04T02:13:20.5048200Z,14CA0000,40118,1100,533,340,700,340,700,2,340,110,True,False,0
2026-10-04T02:13:20.5207185Z,14CA0000,40118,1100,533,340,700,340,700,2,340,110,True,False,0
2026-10-04T02:13:20.5367275Z,14CA0000,40118,1100,533,340,700,340,700,2,340,110,True,False,0
2026-10-04T02:13:20.5527259Z,14CA0000,40118,1100,533,340,700,340,700,2,340,110,True,False,0
2026-10-04T02:13:20.5687493Z,14CA0000,40118,1100,533,340,700,340,700,2,340,110,True,False,0
2026-10-04T02:13:20.5847421Z,14CA0000,40118,1100,533,340,700,340,700,2,340,110,True,False,0
2026-10-04T02:13:20.6007484Z,14CA0000,40118,1100,533,340,700,340,700,2,340,110,True,False,0
2026-10-04T02:13:20.6167450Z,14CA0000,40118,1100,533,340,700,340,700,2,340,110,True,False,0
2026-10-04T02:13:20.6327258Z,14CA0000,40118,1100,533,340,700,340,700,2,340,110,True,False,0
2026-10-04T02:13:20.6487276Z,14CA0000,40118,1100,533,340,700,340,700,2,340,110,True,False,0
2026-10-04T02:13:20.6647189Z,14CA0000,40118,1100,533,340,700,340,700,2,340,110,True,False,0
2026-10-04T02:13:20.6808505Z,14CA0000,40118,1100,533,340,700,340,700,2,340,110,True,False,0
2026-10-04T02:13:20.6963360Z,14CA0000,40118,1100,533,340,700,340,700,2,340,110,True,False,0
2026-10-04T02:13:20.7122807Z,14CA0000,40118,1100,533,340,700,340,700,2,340,110,True,False,0
2026-10-04T02:13:20.7283032Z,14CA0000,40118,1100,533,340,700,340,700,2,340,110,True,False,0
2026-10-04T02:13:20.7434724Z,14CA0000,40118,1100,533,340,700,340,700,2,340,110,True,False,0
2026-10-04T02:13:20.7582648Z,14CA0000,40118,1100,533,340,700,340,700,2,340,110,True,False,0
2026-10-04T02:13:20.7742389Z,14CA0000,40118,1100,533,340,700,340,700,2,340,110,True,False,0
2026-10-04T02:13:20.7902694Z,14CA0000,40118,1100,533,340,700,340,700,2,340,110,True,False,0
2026-10-04T02:13:20.8063214Z,14CA0000,40118,1100,533,340,700,340,700,2,340,110,True,False,0
2026-10-04T02:13:20.8222528Z,14CA0000,40118,1100,533,340,700,340,700,2,340,110,True,False,0
2026-10-04T02:13:20.8383195Z,14CA0000,40118,1100,533,340,700,340,700,2,340,110,True,False,0
2026-10-04T02:13:20.8544994Z,14CA0000,40118,1100,533,340,700,340,700,2,340,110,True,False,0
2026-10-04T02:13:20.8702464Z,14CA0000,40118,1100,533,340,700,340,700,2,340,110,True,False,0
2026-10-04T02:13:20.8862599Z,14CA0000,40118,1100,533,340,700,340,700,2,340,110,True,False,0
2026-10-04T02:13:20.9012587Z,14CA0000,40118,1100,533,340,700,340,700,2,340,110,True,False,0
2026-10-04T02:13:20.9162670Z,14CA0000,40118,1100,533,340,700,340,700,2,340,110,True,False,0
2026-10-04T02:13:20.9323433Z,14CA0000,40118,1100,533,340,700,340,700,2,340,110,True,False,0
2026-10-04T02:13:20.9482844Z,14CA0000,40118,1100,533,340,700,340,700,2,340,110,True,False,0
2026-10-04T02:13:20.9643976Z,14CA0000,40118,1100,533,340,700,340,700,2,340,110,True,False,0
2026-10-04T02:13:20.9802748Z,14CA0000,40118,1100,533,340,700,340,700,2,340,110,True,False,0
2026-10-04T02:13:20.9962551Z,14CA0000,40118,1100,533,340,700,340,700,2,340,110,True,False,0
2026-10-04T02:13:21.0122938Z,14CA0000,40118,1100,533,340,700,340,700,2,340,110,True,False,0
2026-10-04T02:13:21.0282398Z,14CA0000,40118,1100,533,340,700,340,700,2,340,110,True,False,0
2026-10-04T02:13:21.0442955Z,14CA0000,40118,1100,533,340,700,340,700,2,340,110,True,False,0
2026-10-04T02:13:21.0602637Z,14CA0000,40118,1100,533,340,700,340,700,2,340,110,True,False,0
2026-10-04T02:13:21.0763155Z,14CA0000,40118,1100,533,340,700,340,700,2,340,110,True,False,0
2026-10-04T02:13:21.0922766Z,14CA0000,40118,1100,533,340,700,340,700,2,340,110,True,False,0
2026-10-04T02:13:21.1073751Z,14CA0000,40118,1100,533,340,700,340,700,2,340,110,True,False,0
2026-10-04T02:13:21.1223393Z,14CA0000,40118,1100,533,340,700,340,700,2,340,110,True,False,0
2026-10-04T02:13:21.1384022Z,14CA0000,40118,1100,533,340,700,340,700,2,340,110,True,False,0
2026-10-04T02:13:21.1533142Z,14CA0000,40118,1100,533,340,700,340,700,2,340,110,True,False,0
2026-10-04T02:13:21.1683274Z,14CA0000,40118,1100,533,340,700,340,700,2,340,110,True,False,0
2026-10-04T02:13:21.1843520Z,14CA0000,40118,1100,533,340,700,340,700,2,340,110,True,False,0
2026-10-04T02:13:21.2003299Z,14CA0000,40118,1100,533,340,700,340,700,2,340,110,True,False,0
2026-10-04T02:13:21.2163092Z,14CA0000,40118,1100,533,340,700,340,700,2,340,110,True,False,0
2026-10-04T02:13:21.2323313Z,14CA0000,40118,1100,533,340,700,340,700,2,340,110,True,False,0
2026-10-04T02:13:21.2483291Z,14CA0000,40118,1100,533,340,700,340,700,2,340,110,True,False,0
2026-10-04T02:13:21.2633149Z,14CA0000,40118,1100,533,340,700,340,700,2,340,110,True,False,0
2026-10-04T02:13:21.2783468Z,14CA0000,40118,1100,533,340,700,340,700,2,340,110,True,False,0
2026-10-04T02:13:21.2943119Z,14CA0000,40118,1100,533,340,700,340,700,2,340,110,True,False,0
2026-10-04T02:13:21.3103803Z,14CA0000,40118,1100,533,340,700,340,700,2,340,110,True,False,0
2026-10-04T02:13:21.3263140Z,14CA0000,40118,1100,533,340,700,340,700,2,340,110,True,False,0
2026-10-04T02:13:21.3423463Z,14CA0000,40118,1100,533,340,700,340,700,2,340,110,True,False,0
2026-10-04T02:13:21.3583112Z,14CA0000,40118,1100,533,340,700,340,700,2,340,110,True,False,0
2026-10-04T02:13:21.3743141Z,14CA0000,40118,1100,533,340,700,340,700,2,340,110,True,False,0
2026-10-04T02:13:21.3903576Z,14CA0000,40118,1100,533,340,700,340,700,2,340,110,True,False,0
2026-10-04T02:13:21.4063498Z,14CA0000,40118,1100,533,340,700,340,700,2,340,110,True,False,0
2026-10-04T02:13:21.4223417Z,14CA0000,40118,1100,533,340,700,340,700,2,340,110,True,False,0
2026-10-04T02:13:21.4383086Z,14CA0000,40118,1100,533,340,700,340,700,2,340,110,True,False,0
2026-10-04T02:13:21.4542935Z,14CA0000,40118,1100,533,340,700,340,700,2,340,110,True,False,0
2026-10-04T02:13:21.4703104Z,14CA0000,40118,1100,533,340,700,340,700,2,340,110,True,False,0
2026-10-04T02:13:21.4863294Z,14CA0000,40118,1100,533,340,700,340,700,2,340,110,True,False,0
2026-10-04T02:13:21.5014535Z,14CA0000,40118,1100,533,340,700,340,700,2,340,110,True,False,0
2026-10-04T02:13:21.5163156Z,14CA0000,40118,1100,533,340,700,340,700,2,340,110,True,False,0
2026-10-04T02:13:21.5312985Z,14CA0000,40118,1100,533,340,700,340,700,2,340,110,True,False,0
2026-10-04T02:13:21.5473081Z,14CA0000,40118,1100,533,340,700,340,700,2,340,110,True,False,0
2026-10-04T02:13:21.5623174Z,14CA0000,40118,1100,533,340,700,340,700,2,340,110,True,False,0
2026-10-04T02:13:21.5783225Z,14CA0000,40118,1100,533,340,700,340,700,2,340,110,True,False,0
2026-10-04T02:13:21.5943358Z,14CA0000,40118,1100,533,340,700,340,700,2,340,110,True,False,0
2026-10-04T02:13:21.6105076Z,14CA0000,40118,1100,533,340,700,340,700,2,340,110,True,False,0
2026-10-04T02:13:21.6263041Z,14CA0000,40118,1100,533,340,700,340,700,2,340,110,True,False,0
2026-10-04T02:13:21.6423466Z,14CA0000,40118,1100,533,340,700,340,700,2,340,110,True,False,0
2026-10-04T02:13:21.6583102Z,14CA0000,40118,1100,533,340,700,340,700,2,340,110,True,False,0
2026-10-04T02:13:21.6733775Z,14CA0000,40118,1100,533,340,700,340,700,2,340,110,True,False,0
2026-10-04T02:13:21.6893173Z,14CA0000,40118,1100,533,340,700,340,700,2,340,110,True,False,0
2026-10-04T02:13:21.7043221Z,14CA0000,40118,1100,533,340,700,340,700,2,340,110,True,False,0
2026-10-04T02:13:21.7203327Z,14CA0000,40118,1100,533,340,700,340,700,2,340,110,True,False,0
