utc,original_offset_s_approx,action,surface_or_control,detail
2026-10-05T09:11:28.9335426Z,-0.68,native-uia-invoke,Start Recording,"{""utc"": ""2026-10-05T09:11:28.9335426Z"", ""action"": ""native-uia-invoke"", ""button"": ""Start Recording"", ""observedOrdinal"": 0, ""expectedMatches"": 1, ""windowId"": 3149438, ""processId"": 43648, ""offscreen"": false, ""bounds"": ""-30428;-31236;343;45"", ""authorization"": ""User authorized native fallback for real Windows testing"", ""videoOffsetSeconds"": -0.68}"
2026-10-05T09:11:29.6481580Z,0.035,native-uia-invoke,Add subtask for M7 PR233 CI948 LongUnbrokenTitleForNarrowMetricAndQueuedBadgeValidation1234567890,"{""utc"": ""2026-10-05T09:11:29.6481580Z"", ""action"": ""native-uia-invoke"", ""button"": ""Add subtask for M7 PR233 CI948 LongUnbrokenTitleForNarrowMetricAndQueuedBadgeValidation1234567890"", ""observedOrdinal"": 0, ""expectedMatches"": 1, ""windowId"": 7471826, ""processId"": 141908, ""offscreen"": false, ""bounds"": ""981;568;41;40"", ""authorization"": ""User authorized native fallback for real Windows testing"", ""videoOffsetSeconds"": 0.035}"
2026-10-05T09:11:50.2737450Z,20.66,observed-unicode-SendInput,New subtask for M7 PR233 CI948 LongUnbrokenTitleForNarrowMetricAndQueuedBadgeValidation1234567890,"{""utc"": ""2026-10-05T09:11:50.2737450Z"", ""action"": ""observed-unicode-SendInput"", ""windowId"": 7471826, ""pid"": 141908, ""field"": ""New subtask for M7 PR233 CI948 LongUnbrokenTitleForNarrowMetricAndQueuedBadgeValidation1234567890"", ""text"": ""CI953 Visual subtask 1 — readable normal row"", ""controlCharactersAllowed"": false, ""videoOffsetSeconds"": 20.66}"
2026-10-05T09:11:50.8829672Z,21.27,observed-text-value-after-input,New subtask for M7 PR233 CI948 LongUnbrokenTitleForNarrowMetricAndQueuedBadgeValidation1234567890,"{""utc"": ""2026-10-05T09:11:50.8829672Z"", ""action"": ""observed-text-value-after-input"", ""windowId"": 7471826, ""field"": ""New subtask for M7 PR233 CI948 LongUnbrokenTitleForNarrowMetricAndQueuedBadgeValidation1234567890"", ""value"": ""CI953 Visual subtask 1 — readable normal row"", ""expectedTextPresent"": true, ""videoOffsetSeconds"": 21.27}"
2026-10-05T09:11:51.0392439Z,21.426,native-uia-invoke,Add,"{""utc"": ""2026-10-05T09:11:51.0392439Z"", ""action"": ""native-uia-invoke"", ""button"": ""Add"", ""observedOrdinal"": 0, ""expectedMatches"": 1, ""windowId"": 7471826, ""processId"": 141908, ""offscreen"": false, ""bounds"": ""1006;688;61;41"", ""authorization"": ""User authorized native fallback for real Windows testing"", ""videoOffsetSeconds"": 21.426}"
2026-10-05T09:12:21.9134262Z,52.3,native-uia-setfocus,New subtask for M7 PR233 CI948 LongUnbrokenTitleForNarrowMetricAndQueuedBadgeValidation1234567890,"{""utc"": ""2026-10-05T09:12:21.9134262Z"", ""action"": ""native-uia-setfocus"", ""windowId"": 7471826, ""name"": ""New subtask for M7 PR233 CI948 LongUnbrokenTitleForNarrowMetricAndQueuedBadgeValidation1234567890"", ""bounds"": ""676;713;321;41"", ""videoOffsetSeconds"": 52.3}"
2026-10-05T09:12:22.3308809Z,52.718,observed-unicode-SendInput,New subtask for M7 PR233 CI948 LongUnbrokenTitleForNarrowMetricAndQueuedBadgeValidation1234567890,"{""utc"": ""2026-10-05T09:12:22.3308809Z"", ""action"": ""observed-unicode-SendInput"", ""windowId"": 7471826, ""pid"": 141908, ""field"": ""New subtask for M7 PR233 CI948 LongUnbrokenTitleForNarrowMetricAndQueuedBadgeValidation1234567890"", ""text"": ""CI953VisualSubtask2LongUnbrokenTitleForOverflowTooltipAndNarrowRowAcceptance1234567890ABCDEFGHIJKLMNOPQRSTUVWXYZ"", ""controlCharactersAllowed"": false, ""videoOffsetSeconds"": 52.718}"
2026-10-05T09:12:22.9994948Z,53.386,observed-text-value-after-input,New subtask for M7 PR233 CI948 LongUnbrokenTitleForNarrowMetricAndQueuedBadgeValidation1234567890,"{""utc"": ""2026-10-05T09:12:22.9994948Z"", ""action"": ""observed-text-value-after-input"", ""windowId"": 7471826, ""field"": ""New subtask for M7 PR233 CI948 LongUnbrokenTitleForNarrowMetricAndQueuedBadgeValidation1234567890"", ""value"": ""CI953VisualSubtask2LongUnbrokenTitleForOverflowTooltipAndNarrowRowAcceptance1234567890ABCDEFGHIJKLMNOPQRSTUVWXYZ"", ""expectedTextPresent"": true, ""videoOffsetSeconds"": 53.386}"
2026-10-05T09:12:23.2794843Z,53.666,native-uia-invoke,Add,"{""utc"": ""2026-10-05T09:12:23.2794843Z"", ""action"": ""native-uia-invoke"", ""button"": ""Add"", ""observedOrdinal"": 0, ""expectedMatches"": 1, ""windowId"": 7471826, ""processId"": 141908, ""offscreen"": false, ""bounds"": ""1006;713;61;41"", ""authorization"": ""User authorized native fallback for real Windows testing"", ""videoOffsetSeconds"": 53.666}"
2026-10-05T09:12:23.9640466Z,54.351,native-uia-setfocus,New subtask for M7 PR233 CI948 LongUnbrokenTitleForNarrowMetricAndQueuedBadgeValidation1234567890,"{""utc"": ""2026-10-05T09:12:23.9640466Z"", ""action"": ""native-uia-setfocus"", ""windowId"": 7471826, ""name"": ""New subtask for M7 PR233 CI948 LongUnbrokenTitleForNarrowMetricAndQueuedBadgeValidation1234567890"", ""bounds"": ""676;763;321;41"", ""videoOffsetSeconds"": 54.351}"
2026-10-05T09:12:24.0140531Z,54.401,observed-unicode-SendInput,New subtask for M7 PR233 CI948 LongUnbrokenTitleForNarrowMetricAndQueuedBadgeValidation1234567890,"{""utc"": ""2026-10-05T09:12:24.0140531Z"", ""action"": ""observed-unicode-SendInput"", ""windowId"": 7471826, ""pid"": 141908, ""field"": ""New subtask for M7 PR233 CI948 LongUnbrokenTitleForNarrowMetricAndQueuedBadgeValidation1234567890"", ""text"": ""CI953 Οπτικός έλεγχος 3 — μεγάλη ελληνική περιγραφή για αναδίπλωση και πλήρη τίτλο"", ""controlCharactersAllowed"": false, ""videoOffsetSeconds"": 54.401}"
2026-10-05T09:12:24.6410631Z,55.028,observed-text-value-after-input,New subtask for M7 PR233 CI948 LongUnbrokenTitleForNarrowMetricAndQueuedBadgeValidation1234567890,"{""utc"": ""2026-10-05T09:12:24.6410631Z"", ""action"": ""observed-text-value-after-input"", ""windowId"": 7471826, ""field"": ""New subtask for M7 PR233 CI948 LongUnbrokenTitleForNarrowMetricAndQueuedBadgeValidation1234567890"", ""value"": ""CI953 Οπτικός έλεγχος 3 — μεγάλη ελληνική περιγραφή για αναδίπλωση και πλήρη τίτλο"", ""expectedTextPresent"": true, ""videoOffsetSeconds"": 55.028}"
2026-10-05T09:12:24.6980618Z,55.085,native-uia-invoke,Add,"{""utc"": ""2026-10-05T09:12:24.6980618Z"", ""action"": ""native-uia-invoke"", ""button"": ""Add"", ""observedOrdinal"": 0, ""expectedMatches"": 1, ""windowId"": 7471826, ""processId"": 141908, ""offscreen"": false, ""bounds"": ""1006;763;61;41"", ""authorization"": ""User authorized native fallback for real Windows testing"", ""videoOffsetSeconds"": 55.085}"
2026-10-05T09:12:25.3630657Z,55.75,native-uia-setfocus,New subtask for M7 PR233 CI948 LongUnbrokenTitleForNarrowMetricAndQueuedBadgeValidation1234567890,"{""utc"": ""2026-10-05T09:12:25.3630657Z"", ""action"": ""native-uia-setfocus"", ""windowId"": 7471826, ""name"": ""New subtask for M7 PR233 CI948 LongUnbrokenTitleForNarrowMetricAndQueuedBadgeValidation1234567890"", ""bounds"": ""676;813;321;41"", ""videoOffsetSeconds"": 55.75}"
2026-10-05T09:12:25.4204671Z,55.807,observed-unicode-SendInput,New subtask for M7 PR233 CI948 LongUnbrokenTitleForNarrowMetricAndQueuedBadgeValidation1234567890,"{""utc"": ""2026-10-05T09:12:25.4204671Z"", ""action"": ""observed-unicode-SendInput"", ""windowId"": 7471826, ""pid"": 141908, ""field"": ""New subtask for M7 PR233 CI948 LongUnbrokenTitleForNarrowMetricAndQueuedBadgeValidation1234567890"", ""text"": ""CI953 Visual subtask 4 — reorder companion"", ""controlCharactersAllowed"": false, ""videoOffsetSeconds"": 55.807}"
2026-10-05T09:12:25.9931731Z,56.38,observed-text-value-after-input,New subtask for M7 PR233 CI948 LongUnbrokenTitleForNarrowMetricAndQueuedBadgeValidation1234567890,"{""utc"": ""2026-10-05T09:12:25.9931731Z"", ""action"": ""observed-text-value-after-input"", ""windowId"": 7471826, ""field"": ""New subtask for M7 PR233 CI948 LongUnbrokenTitleForNarrowMetricAndQueuedBadgeValidation1234567890"", ""value"": ""CI953 Visual subtask 4 — reorder companion"", ""expectedTextPresent"": true, ""videoOffsetSeconds"": 56.38}"
2026-10-05T09:12:26.0213504Z,56.408,native-uia-invoke,Add,"{""utc"": ""2026-10-05T09:12:26.0213504Z"", ""action"": ""native-uia-invoke"", ""button"": ""Add"", ""observedOrdinal"": 0, ""expectedMatches"": 1, ""windowId"": 7471826, ""processId"": 141908, ""offscreen"": false, ""bounds"": ""1006;813;61;41"", ""authorization"": ""User authorized native fallback for real Windows testing"", ""videoOffsetSeconds"": 56.408}"
2026-10-05T09:12:26.3369221Z,56.724,native-uia-invoke,Complete subtask: CI953 Visual subtask 1 — readable normal row,"{""utc"": ""2026-10-05T09:12:26.3369221Z"", ""action"": ""native-uia-invoke"", ""button"": ""Complete subtask: CI953 Visual subtask 1 — readable normal row"", ""observedOrdinal"": 0, ""expectedMatches"": 1, ""windowId"": 7471826, ""processId"": 141908, ""offscreen"": false, ""bounds"": ""676;661;40;40"", ""authorization"": ""User authorized native fallback for real Windows testing"", ""videoOffsetSeconds"": 56.724}"
2026-10-05T09:13:04.8676435Z,95.254,native-uia-invoke,Edit subtask: CI953VisualSubtask2LongUnbrokenTitleForOverflowTooltipAndNarrowRowAcceptance1234567890ABCDEFGHIJKLMNOPQRSTUVWXYZ,"{""utc"": ""2026-10-05T09:13:04.8676435Z"", ""action"": ""native-uia-invoke"", ""button"": ""Edit subtask: CI953VisualSubtask2LongUnbrokenTitleForOverflowTooltipAndNarrowRowAcceptance1234567890ABCDEFGHIJKLMNOPQRSTUVWXYZ"", ""observedOrdinal"": 0, ""expectedMatches"": 1, ""windowId"": 7471826, ""processId"": 141908, ""offscreen"": false, ""bounds"": ""723;719;193;24"", ""authorization"": ""User authorized native fallback for real Windows testing"", ""videoOffsetSeconds"": 95.254}"
2026-10-05T09:13:42.2109934Z,132.598,native-uia-invoke,Cancel subtask edit,"{""utc"": ""2026-10-05T09:13:42.2109934Z"", ""action"": ""native-uia-invoke"", ""button"": ""Cancel subtask edit"", ""observedOrdinal"": 0, ""expectedMatches"": 1, ""windowId"": 7471826, ""processId"": 141908, ""offscreen"": false, ""bounds"": ""968;711;41;40"", ""authorization"": ""User authorized native fallback for real Windows testing"", ""videoOffsetSeconds"": 132.598}"
2026-10-05T09:13:44.5293373Z,134.916,native-uia-invoke,Move subtask up: CI953 Visual subtask 4 — reorder companion,"{""utc"": ""2026-10-05T09:13:44.5293373Z"", ""action"": ""native-uia-invoke"", ""button"": ""Move subtask up: CI953 Visual subtask 4 — reorder companion"", ""observedOrdinal"": 0, ""expectedMatches"": 1, ""windowId"": 7471826, ""processId"": 141908, ""offscreen"": false, ""bounds"": ""923;811;41;40"", ""authorization"": ""User authorized native fallback for real Windows testing"", ""videoOffsetSeconds"": 134.916}"
2026-10-05T09:13:44.8466791Z,135.233,native-uia-invoke,Move subtask down: CI953 Visual subtask 4 — reorder companion,"{""utc"": ""2026-10-05T09:13:44.8466791Z"", ""action"": ""native-uia-invoke"", ""button"": ""Move subtask down: CI953 Visual subtask 4 — reorder companion"", ""observedOrdinal"": 0, ""expectedMatches"": 1, ""windowId"": 7471826, ""processId"": 141908, ""offscreen"": false, ""bounds"": ""968;761;41;40"", ""authorization"": ""User authorized native fallback for real Windows testing"", ""videoOffsetSeconds"": 135.233}"
2026-10-05T09:13:45.1736833Z,135.56,native-uia-invoke,Reopen subtask: CI953 Visual subtask 1 — readable normal row,"{""utc"": ""2026-10-05T09:13:45.1736833Z"", ""action"": ""native-uia-invoke"", ""button"": ""Reopen subtask: CI953 Visual subtask 1 — readable normal row"", ""observedOrdinal"": 0, ""expectedMatches"": 1, ""windowId"": 7471826, ""processId"": 141908, ""offscreen"": false, ""bounds"": ""676;661;40;40"", ""authorization"": ""User authorized native fallback for real Windows testing"", ""videoOffsetSeconds"": 135.56}"
2026-10-05T09:13:45.5002347Z,135.887,native-uia-observed-pointer-click,Collapse Floating Timer,"{""utc"": ""2026-10-05T09:13:45.5002347Z"", ""action"": ""native-uia-observed-pointer-click"", ""button"": ""Collapse Floating Timer"", ""observedOrdinal"": 0, ""expectedMatches"": 1, ""windowId"": 7471826, ""processId"": 141908, ""offscreen"": false, ""bounds"": ""1029;608;40;41"", ""authorization"": ""User authorized native fallback for real Windows testing"", ""videoOffsetSeconds"": 135.887}"
2026-10-05T09:13:46.8139474Z,137.201,native-uia-observed-pointer-click,Expand Floating Timer,"{""utc"": ""2026-10-05T09:13:46.8139474Z"", ""action"": ""native-uia-observed-pointer-click"", ""button"": ""Expand Floating Timer"", ""observedOrdinal"": 0, ""expectedMatches"": 1, ""windowId"": 7471826, ""processId"": 141908, ""offscreen"": false, ""bounds"": ""1029;568;40;40"", ""authorization"": ""User authorized native fallback for real Windows testing"", ""videoOffsetSeconds"": 137.201}"
2026-10-05T09:14:09.4955634Z,159.882,native-uia-observed-pointer-click,Notes,"{""utc"": ""2026-10-05T09:14:09.4955634Z"", ""action"": ""native-uia-observed-pointer-click"", ""button"": ""Notes"", ""observedOrdinal"": 0, ""expectedMatches"": 1, ""windowId"": 7471826, ""processId"": 141908, ""offscreen"": false, ""bounds"": ""746;547;41;41"", ""authorization"": ""User authorized native fallback for real Windows testing"", ""videoOffsetSeconds"": 159.882}"
2026-10-05T09:14:56.0485620Z,206.435,native-uia-setfocus,Task note,"{""utc"": ""2026-10-05T09:14:56.0485620Z"", ""action"": ""native-uia-setfocus"", ""windowId"": 7471826, ""name"": ""Task note"", ""bounds"": ""676;659;374;101"", ""videoOffsetSeconds"": 206.435}"
2026-10-05T09:14:56.4530770Z,206.84,observed-unicode-SendInput,Task note,"{""utc"": ""2026-10-05T09:14:56.4530770Z"", ""action"": ""observed-unicode-SendInput"", ""windowId"": 7471826, ""pid"": 141908, ""field"": ""Task note"", ""text"": ""CI953 owned visual Notes fixture — long text, wrapping, formatting and persistent reopen."", ""controlCharactersAllowed"": false, ""videoOffsetSeconds"": 206.84}"
2026-10-05T09:14:57.0921973Z,207.479,observed-text-value-after-input,Task note,"{""utc"": ""2026-10-05T09:14:57.0921973Z"", ""action"": ""observed-text-value-after-input"", ""windowId"": 7471826, ""field"": ""Task note"", ""value"": ""CI953 owned visual Notes fixture — long text, wrapping, formatting and persistent reopen."", ""expectedTextPresent"": true, ""videoOffsetSeconds"": 207.479}"
2026-10-05T09:14:57.1762313Z,207.563,physical-scancode-chord,Enter,"{""utc"": ""2026-10-05T09:14:57.1762313Z"", ""action"": ""physical-scancode-chord"", ""windowId"": 7471826, ""pid"": 141908, ""chord"": ""Enter"", ""scancodes"": [28], ""injection"": ""keybd_event KEYEVENTF_SCANCODE; normal Windows input path"", ""videoOffsetSeconds"": 207.563}"
2026-10-05T09:14:57.6495839Z,208.036,observed-unicode-SendInput,Task note,"{""utc"": ""2026-10-05T09:14:57.6495839Z"", ""action"": ""observed-unicode-SendInput"", ""windowId"": 7471826, ""pid"": 141908, ""field"": ""Task note"", ""text"": ""Ελληνικό κείμενο για έλεγχο αναδίπλωσης: οι γραμμές πρέπει να μένουν μέσα στον editor και τα controls να παραμένουν προσβάσιμα."", ""controlCharactersAllowed"": false, ""videoOffsetSeconds"": 208.036}"
2026-10-05T09:14:58.3186401Z,208.705,observed-text-value-after-input,Task note,"{""utc"": ""2026-10-05T09:14:58.3186401Z"", ""action"": ""observed-text-value-after-input"", ""windowId"": 7471826, ""field"": ""Task note"", ""value"": ""CI953 owned visual Notes fixture — long text, wrapping, formatting and persistent reopen.\nΕλληνικό κείμενο για έλεγχο αναδίπλωσης: οι γραμμές πρέπει να μένουν μέσα στον editor και τα controls να παραμένουν προσβάσιμα."", ""expectedTextPresent"": true, ""videoOffsetSeconds"": 208.705}"
2026-10-05T09:14:58.3244011Z,208.711,physical-scancode-chord,Enter,"{""utc"": ""2026-10-05T09:14:58.3244011Z"", ""action"": ""physical-scancode-chord"", ""windowId"": 7471826, ""pid"": 141908, ""chord"": ""Enter"", ""scancodes"": [28], ""injection"": ""keybd_event KEYEVENTF_SCANCODE; normal Windows input path"", ""videoOffsetSeconds"": 208.711}"
2026-10-05T09:14:58.7693403Z,209.156,observed-unicode-SendInput,Task note,"{""utc"": ""2026-10-05T09:14:58.7693403Z"", ""action"": ""observed-unicode-SendInput"", ""windowId"": 7471826, ""pid"": 141908, ""field"": ""Task note"", ""text"": ""LongUnbrokenNotesTokenForHorizontalOverflowValidation1234567890ABCDEFGHIJKLMNOPQRSTUVWXYZabcdefghijklmnopqrstuvwxyz0123456789"", ""controlCharactersAllowed"": false, ""videoOffsetSeconds"": 209.156}"
2026-10-05T09:14:59.4378842Z,209.825,observed-text-value-after-input,Task note,"{""utc"": ""2026-10-05T09:14:59.4378842Z"", ""action"": ""observed-text-value-after-input"", ""windowId"": 7471826, ""field"": ""Task note"", ""value"": ""CI953 owned visual Notes fixture — long text, wrapping, formatting and persistent reopen.\nΕλληνικό κείμενο για έλεγχο αναδίπλωσης: οι γραμμές πρέπει να μένουν μέσα στον editor και τα controls να παραμένουν προσβάσιμα.\nLongUnbrokenNotesTokenForHorizontalOverflowValidation1234567890ABCDEFGHIJKLMNOPQRSTUVWXYZabcdefghijklmnopqrstuvwxyz0123456789"", ""expectedTextPresent"": true, ""videoOffsetSeconds"": 209.825}"
2026-10-05T09:14:59.4439705Z,209.831,physical-scancode-chord,Enter,"{""utc"": ""2026-10-05T09:14:59.4439705Z"", ""action"": ""physical-scancode-chord"", ""windowId"": 7471826, ""pid"": 141908, ""chord"": ""Enter"", ""scancodes"": [28], ""injection"": ""keybd_event KEYEVENTF_SCANCODE; normal Windows input path"", ""videoOffsetSeconds"": 209.831}"
2026-10-05T09:14:59.8765358Z,210.263,observed-unicode-SendInput,Task note,"{""utc"": ""2026-10-05T09:14:59.8765358Z"", ""action"": ""observed-unicode-SendInput"", ""windowId"": 7471826, ""pid"": 141908, ""field"": ""Task note"", ""text"": ""Explicit URL only: https://example.invalid/ci953-visual-notes — no browser activation requested."", ""controlCharactersAllowed"": false, ""videoOffsetSeconds"": 210.263}"
2026-10-05T09:15:00.5014565Z,210.888,observed-text-value-after-input,Task note,"{""utc"": ""2026-10-05T09:15:00.5014565Z"", ""action"": ""observed-text-value-after-input"", ""windowId"": 7471826, ""field"": ""Task note"", ""value"": ""CI953 owned visual Notes fixture — long text, wrapping, formatting and persistent reopen.\nΕλληνικό κείμενο για έλεγχο αναδίπλωσης: οι γραμμές πρέπει να μένουν μέσα στον editor και τα controls να παραμένουν προσβάσιμα.\nLongUnbrokenNotesTokenForHorizontalOverflowValidation1234567890ABCDEFGHIJKLMNOPQRSTUVWXYZabcdefghijklmnopqrstuvwxyz0123456789\nExplicit URL only: https://example.invalid/ci953-visual-notes — no browser activation requested."", ""expectedTextPresent"": true, ""videoOffsetSeconds"": 210.888}"
2026-10-05T09:15:00.5066587Z,210.893,physical-scancode-chord,Enter,"{""utc"": ""2026-10-05T09:15:00.5066587Z"", ""action"": ""physical-scancode-chord"", ""windowId"": 7471826, ""pid"": 141908, ""chord"": ""Enter"", ""scancodes"": [28], ""injection"": ""keybd_event KEYEVENTF_SCANCODE; normal Windows input path"", ""videoOffsetSeconds"": 210.893}"
2026-10-05T09:15:00.9790438Z,211.366,observed-unicode-SendInput,Task note,"{""utc"": ""2026-10-05T09:15:00.9790438Z"", ""action"": ""observed-unicode-SendInput"", ""windowId"": 7471826, ""pid"": 141908, ""field"": ""Task note"", ""text"": ""Paragraph five: longer reading content for inline scroll, large editor containment, keyboard selection and return to compact Notes."", ""controlCharactersAllowed"": false, ""videoOffsetSeconds"": 211.366}"
2026-10-05T09:15:01.6240918Z,212.011,observed-text-value-after-input,Task note,"{""utc"": ""2026-10-05T09:15:01.6240918Z"", ""action"": ""observed-text-value-after-input"", ""windowId"": 7471826, ""field"": ""Task note"", ""value"": ""CI953 owned visual Notes fixture — long text, wrapping, formatting and persistent reopen.\nΕλληνικό κείμενο για έλεγχο αναδίπλωσης: οι γραμμές πρέπει να μένουν μέσα στον editor και τα controls να παραμένουν προσβάσιμα.\nLongUnbrokenNotesTokenForHorizontalOverflowValidation1234567890ABCDEFGHIJKLMNOPQRSTUVWXYZabcdefghijklmnopqrstuvwxyz0123456789\nExplicit URL only: https://example.invalid/ci953-visual-notes — no browser activation requested.\nParagraph five: longer reading content for inline scroll, large editor containment, keyboard selection and return to compact Notes."", ""expectedTextPresent"": true, ""videoOffsetSeconds"": 212.011}"
2026-10-05T09:15:01.6300075Z,212.017,physical-scancode-chord,Enter,"{""utc"": ""2026-10-05T09:15:01.6300075Z"", ""action"": ""physical-scancode-chord"", ""windowId"": 7471826, ""pid"": 141908, ""chord"": ""Enter"", ""scancodes"": [28], ""injection"": ""keybd_event KEYEVENTF_SCANCODE; normal Windows input path"", ""videoOffsetSeconds"": 212.017}"
2026-10-05T09:15:02.0709563Z,212.458,observed-unicode-SendInput,Task note,"{""utc"": ""2026-10-05T09:15:02.0709563Z"", ""action"": ""observed-unicode-SendInput"", ""windowId"": 7471826, ""pid"": 141908, ""field"": ""Task note"", ""text"": ""Final line — durable Notes text belongs only to this clearly identified CI953 validation task."", ""controlCharactersAllowed"": false, ""videoOffsetSeconds"": 212.458}"
2026-10-05T09:15:02.7044302Z,213.091,observed-text-value-after-input,Task note,"{""utc"": ""2026-10-05T09:15:02.7044302Z"", ""action"": ""observed-text-value-after-input"", ""windowId"": 7471826, ""field"": ""Task note"", ""value"": ""CI953 owned visual Notes fixture — long text, wrapping, formatting and persistent reopen.\nΕλληνικό κείμενο για έλεγχο αναδίπλωσης: οι γραμμές πρέπει να μένουν μέσα στον editor και τα controls να παραμένουν προσβάσιμα.\nLongUnbrokenNotesTokenForHorizontalOverflowValidation1234567890ABCDEFGHIJKLMNOPQRSTUVWXYZabcdefghijklmnopqrstuvwxyz0123456789\nExplicit URL only: https://example.invalid/ci953-visual-notes — no browser activation requested.\nParagraph five: longer reading content for inline scroll, large editor containment, keyboard selection and return to compact Notes.\nFinal line — durable Notes text belongs only to this clearly identified CI953 validation task."", ""expectedTextPresent"": true, ""videoOffsetSeconds"": 213.091}"
2026-10-05T09:15:02.7100699Z,213.097,physical-scancode-chord,Ctrl+A,"{""utc"": ""2026-10-05T09:15:02.7100699Z"", ""action"": ""physical-scancode-chord"", ""windowId"": 7471826, ""pid"": 141908, ""chord"": ""Ctrl+A"", ""scancodes"": [29, 30], ""injection"": ""keybd_event KEYEVENTF_SCANCODE; normal Windows input path"", ""videoOffsetSeconds"": 213.097}"
2026-10-05T09:15:03.5591167Z,213.946,native-uia-invoke,Bold,"{""utc"": ""2026-10-05T09:15:03.5591167Z"", ""action"": ""native-uia-invoke"", ""button"": ""Bold"", ""observedOrdinal"": 0, ""expectedMatches"": 1, ""windowId"": 7471826, ""processId"": 141908, ""offscreen"": false, ""bounds"": ""676;614;35;36"", ""authorization"": ""User authorized native fallback for real Windows testing"", ""videoOffsetSeconds"": 213.946}"
2026-10-05T09:15:04.1439630Z,214.531,native-uia-invoke,Italic,"{""utc"": ""2026-10-05T09:15:04.1439630Z"", ""action"": ""native-uia-invoke"", ""button"": ""Italic"", ""observedOrdinal"": 0, ""expectedMatches"": 1, ""windowId"": 7471826, ""processId"": 141908, ""offscreen"": false, ""bounds"": ""716;614;35;36"", ""authorization"": ""User authorized native fallback for real Windows testing"", ""videoOffsetSeconds"": 214.531}"
2026-10-05T09:15:04.7206892Z,215.107,native-uia-invoke,Strikethrough,"{""utc"": ""2026-10-05T09:15:04.7206892Z"", ""action"": ""native-uia-invoke"", ""button"": ""Strikethrough"", ""observedOrdinal"": 0, ""expectedMatches"": 1, ""windowId"": 7471826, ""processId"": 141908, ""offscreen"": false, ""bounds"": ""756;614;35;36"", ""authorization"": ""User authorized native fallback for real Windows testing"", ""videoOffsetSeconds"": 215.107}"
2026-10-05T09:15:05.3033426Z,215.69,native-uia-invoke,Undo,"{""utc"": ""2026-10-05T09:15:05.3033426Z"", ""action"": ""native-uia-invoke"", ""button"": ""Undo"", ""observedOrdinal"": 0, ""expectedMatches"": 1, ""windowId"": 7471826, ""processId"": 141908, ""offscreen"": false, ""bounds"": ""876;614;35;36"", ""authorization"": ""User authorized native fallback for real Windows testing"", ""videoOffsetSeconds"": 215.69}"
2026-10-05T09:15:05.8712927Z,216.258,native-uia-invoke,Redo,"{""utc"": ""2026-10-05T09:15:05.8712927Z"", ""action"": ""native-uia-invoke"", ""button"": ""Redo"", ""observedOrdinal"": 0, ""expectedMatches"": 1, ""windowId"": 7471826, ""processId"": 141908, ""offscreen"": false, ""bounds"": ""916;614;35;36"", ""authorization"": ""User authorized native fallback for real Windows testing"", ""videoOffsetSeconds"": 216.258}"
2026-10-05T09:15:06.4583192Z,216.845,native-uia-observed-pointer-click,Open larger notes editor,"{""utc"": ""2026-10-05T09:15:06.4583192Z"", ""action"": ""native-uia-observed-pointer-click"", ""button"": ""Open larger notes editor"", ""observedOrdinal"": 0, ""expectedMatches"": 1, ""windowId"": 7471826, ""processId"": 141908, ""offscreen"": false, ""bounds"": ""956;614;35;36"", ""authorization"": ""User authorized native fallback for real Windows testing"", ""videoOffsetSeconds"": 216.845}"
2026-10-05T09:15:33.2990550Z,243.686,native-uia-invoke,Save note,"{""utc"": ""2026-10-05T09:15:33.2990550Z"", ""action"": ""native-uia-invoke"", ""button"": ""Save note"", ""observedOrdinal"": 0, ""expectedMatches"": 1, ""windowId"": 7471826, ""processId"": 141908, ""offscreen"": false, ""bounds"": ""977;805;87;38"", ""authorization"": ""User authorized native fallback for real Windows testing"", ""videoOffsetSeconds"": 243.686}"
2026-10-05T09:15:55.1855986Z,265.572,native-uia-observed-pointer-click,Notes,"{""utc"": ""2026-10-05T09:15:55.1855986Z"", ""action"": ""native-uia-observed-pointer-click"", ""button"": ""Notes"", ""observedOrdinal"": 0, ""expectedMatches"": 1, ""windowId"": 7471826, ""processId"": 141908, ""offscreen"": false, ""bounds"": ""746;547;41;41"", ""authorization"": ""User authorized native fallback for real Windows testing"", ""videoOffsetSeconds"": 265.572}"
2026-10-05T09:15:55.7198604Z,266.107,native-uia-invoke,Return to Focus Panel,"{""utc"": ""2026-10-05T09:15:55.7198604Z"", ""action"": ""native-uia-invoke"", ""button"": ""Return to Focus Panel"", ""observedOrdinal"": 0, ""expectedMatches"": 1, ""windowId"": 7471826, ""processId"": 141908, ""offscreen"": false, ""bounds"": ""1028;547;41;41"", ""authorization"": ""User authorized native fallback for real Windows testing"", ""videoOffsetSeconds"": 266.107}"
2026-10-05T09:16:32.4026170Z,302.789,native-uia-observed-pointer-click,0/4 Subtasks,"{""utc"": ""2026-10-05T09:16:32.4026170Z"", ""action"": ""native-uia-observed-pointer-click"", ""button"": ""0/4 Subtasks"", ""observedOrdinal"": 0, ""expectedMatches"": 1, ""windowId"": 7471826, ""processId"": 141908, ""offscreen"": false, ""bounds"": ""1581;338;258;41"", ""authorization"": ""User authorized native fallback for real Windows testing"", ""videoOffsetSeconds"": 302.789}"
2026-10-05T09:16:32.9818745Z,303.369,native-uia-invoke,Complete subtask: CI953 Visual subtask 4 — reorder companion,"{""utc"": ""2026-10-05T09:16:32.9818745Z"", ""action"": ""native-uia-invoke"", ""button"": ""Complete subtask: CI953 Visual subtask 4 — reorder companion"", ""observedOrdinal"": 0, ""expectedMatches"": 1, ""windowId"": 7471826, ""processId"": 141908, ""offscreen"": false, ""bounds"": ""1531;576;35;36"", ""authorization"": ""User authorized native fallback for real Windows testing"", ""videoOffsetSeconds"": 303.369}"
2026-10-05T09:16:34.5687090Z,304.955,native-uia-invoke,Reopen subtask: CI953 Visual subtask 4 — reorder companion,"{""utc"": ""2026-10-05T09:16:34.5687090Z"", ""action"": ""native-uia-invoke"", ""button"": ""Reopen subtask: CI953 Visual subtask 4 — reorder companion"", ""observedOrdinal"": 0, ""expectedMatches"": 1, ""windowId"": 7471826, ""processId"": 141908, ""offscreen"": false, ""bounds"": ""1531;576;35;36"", ""authorization"": ""User authorized native fallback for real Windows testing"", ""videoOffsetSeconds"": 304.955}"
2026-10-05T09:16:34.9027488Z,305.289,native-uia-observed-pointer-click,Notes,"{""utc"": ""2026-10-05T09:16:34.9027488Z"", ""action"": ""native-uia-observed-pointer-click"", ""button"": ""Notes"", ""observedOrdinal"": 0, ""expectedMatches"": 1, ""windowId"": 7471826, ""processId"": 141908, ""offscreen"": false, ""bounds"": ""1582;687;55;38"", ""authorization"": ""User authorized native fallback for real Windows testing"", ""videoOffsetSeconds"": 305.289}"
2026-10-05T09:16:36.3591417Z,306.746,native-uia-observed-pointer-click,Open larger notes editor,"{""utc"": ""2026-10-05T09:16:36.3591417Z"", ""action"": ""native-uia-observed-pointer-click"", ""button"": ""Open larger notes editor"", ""observedOrdinal"": 0, ""expectedMatches"": 1, ""windowId"": 7471826, ""processId"": 141908, ""offscreen"": false, ""bounds"": ""1817;827;35;36"", ""authorization"": ""User authorized native fallback for real Windows testing"", ""videoOffsetSeconds"": 306.746}"
2026-10-05T09:16:38.2254525Z,308.612,native-uia-setfocus,Task note,"{""utc"": ""2026-10-05T09:16:38.2254525Z"", ""action"": ""native-uia-setfocus"", ""windowId"": 7471826, ""name"": ""Task note"", ""bounds"": ""1516;86;383;721"", ""videoOffsetSeconds"": 308.612}"
2026-10-05T09:17:28.2872401Z,358.674,physical-scancode-chord,Ctrl+Home,"{""utc"": ""2026-10-05T09:17:28.2872401Z"", ""action"": ""physical-scancode-chord"", ""windowId"": 7471826, ""pid"": 141908, ""chord"": ""Ctrl+Home"", ""scancodes"": [29, 71], ""injection"": ""keybd_event KEYEVENTF_SCANCODE; normal Windows input path"", ""videoOffsetSeconds"": 358.674}"
2026-10-05T09:17:29.3679766Z,359.755,physical-scancode-chord,Ctrl+End,"{""utc"": ""2026-10-05T09:17:29.3679766Z"", ""action"": ""physical-scancode-chord"", ""windowId"": 7471826, ""pid"": 141908, ""chord"": ""Ctrl+End"", ""scancodes"": [29, 79], ""injection"": ""keybd_event KEYEVENTF_SCANCODE; normal Windows input path"", ""videoOffsetSeconds"": 359.755}"
2026-10-05T09:17:30.5629297Z,360.95,os-client-area-animation,,"{""utc"": ""2026-10-05T09:17:30.5629297Z"", ""action"": ""os-client-area-animation"", ""request"": ""reduced"", ""before"": 1, ""after"": 0, ""videoOffsetSeconds"": 360.95}"
2026-10-05T09:17:30.7786490Z,361.165,native-uia-invoke,Bulleted list,"{""utc"": ""2026-10-05T09:17:30.7786490Z"", ""action"": ""native-uia-invoke"", ""button"": ""Bulleted list"", ""observedOrdinal"": 0, ""expectedMatches"": 1, ""windowId"": 7471826, ""processId"": 141908, ""offscreen"": false, ""bounds"": ""1636;46;35;36"", ""authorization"": ""User authorized native fallback for real Windows testing"", ""videoOffsetSeconds"": 361.165}"
2026-10-05T09:17:31.1387533Z,361.525,native-uia-invoke,Numbered list,"{""utc"": ""2026-10-05T09:17:31.1387533Z"", ""action"": ""native-uia-invoke"", ""button"": ""Numbered list"", ""observedOrdinal"": 0, ""expectedMatches"": 1, ""windowId"": 7471826, ""processId"": 141908, ""offscreen"": false, ""bounds"": ""1676;46;35;36"", ""authorization"": ""User authorized native fallback for real Windows testing"", ""videoOffsetSeconds"": 361.525}"
2026-10-05T09:17:31.4650229Z,361.852,native-uia-invoke,Undo,"{""utc"": ""2026-10-05T09:17:31.4650229Z"", ""action"": ""native-uia-invoke"", ""button"": ""Undo"", ""observedOrdinal"": 0, ""expectedMatches"": 1, ""windowId"": 7471826, ""processId"": 141908, ""offscreen"": false, ""bounds"": ""1716;46;35;36"", ""authorization"": ""User authorized native fallback for real Windows testing"", ""videoOffsetSeconds"": 361.852}"
2026-10-05T09:17:31.8049952Z,362.192,native-uia-invoke,Save note,"{""utc"": ""2026-10-05T09:17:31.8049952Z"", ""action"": ""native-uia-invoke"", ""button"": ""Save note"", ""observedOrdinal"": 0, ""expectedMatches"": 1, ""windowId"": 7471826, ""processId"": 141908, ""offscreen"": false, ""bounds"": ""1812;811;87;38"", ""authorization"": ""User authorized native fallback for real Windows testing"", ""videoOffsetSeconds"": 362.192}"
2026-10-05T09:17:32.1428738Z,362.53,native-uia-observed-pointer-click,Notes,"{""utc"": ""2026-10-05T09:17:32.1428738Z"", ""action"": ""native-uia-observed-pointer-click"", ""button"": ""Notes"", ""observedOrdinal"": 0, ""expectedMatches"": 1, ""windowId"": 7471826, ""processId"": 141908, ""offscreen"": false, ""bounds"": ""1582;687;55;38"", ""authorization"": ""User authorized native fallback for real Windows testing"", ""videoOffsetSeconds"": 362.53}"
2026-10-05T09:17:32.6821856Z,363.069,native-uia-invoke,Compact view,"{""utc"": ""2026-10-05T09:17:32.6821856Z"", ""action"": ""native-uia-invoke"", ""button"": ""Compact view"", ""observedOrdinal"": 0, ""expectedMatches"": 1, ""windowId"": 7471826, ""processId"": 141908, ""offscreen"": false, ""bounds"": ""1865;20;40;40"", ""authorization"": ""User authorized native fallback for real Windows testing"", ""videoOffsetSeconds"": 363.069}"
2026-10-05T09:17:33.7253250Z,364.112,native-uia-observed-pointer-click,Expand Floating Timer,"{""utc"": ""2026-10-05T09:17:33.7253250Z"", ""action"": ""native-uia-observed-pointer-click"", ""button"": ""Expand Floating Timer"", ""observedOrdinal"": 0, ""expectedMatches"": 1, ""windowId"": 7471826, ""processId"": 141908, ""offscreen"": false, ""bounds"": ""1029;568;40;40"", ""authorization"": ""User authorized native fallback for real Windows testing"", ""videoOffsetSeconds"": 364.112}"
2026-10-05T09:17:34.9359576Z,365.323,physical-scancode-chord,Ctrl+Shift+P,"{""utc"": ""2026-10-05T09:17:34.9359576Z"", ""action"": ""physical-scancode-chord"", ""windowId"": 7471826, ""pid"": 141908, ""chord"": ""Ctrl+Shift+P"", ""scancodes"": [29, 42, 25], ""injection"": ""keybd_event KEYEVENTF_SCANCODE; normal Windows input path"", ""videoOffsetSeconds"": 365.323}"
2026-10-05T09:17:36.6480899Z,367.035,native-uia-invoke,Return to Focus Panel,"{""utc"": ""2026-10-05T09:17:36.6480899Z"", ""action"": ""native-uia-invoke"", ""button"": ""Return to Focus Panel"", ""observedOrdinal"": 0, ""expectedMatches"": 1, ""windowId"": 7471826, ""processId"": 141908, ""offscreen"": false, ""bounds"": ""1028;547;41;41"", ""authorization"": ""User authorized native fallback for real Windows testing"", ""videoOffsetSeconds"": 367.035}"
2026-10-05T09:17:37.9434655Z,368.33,activate-observed-native-window,,"{""utc"": ""2026-10-05T09:17:37.9434655Z"", ""action"": ""activate-observed-native-window"", ""windowId"": 3213706, ""pid"": 141908, ""allowedProcess"": ""narro-m7-validation"", ""before"": 7471826, ""after"": 3213706, ""foregroundConfirmed"": true, ""videoOffsetSeconds"": 368.33}"
2026-10-05T09:18:19.3975830Z,409.784,native-uia-invoke,Home,"{""utc"": ""2026-10-05T09:18:19.3975830Z"", ""action"": ""native-uia-invoke"", ""button"": ""Home"", ""observedOrdinal"": 0, ""expectedMatches"": 1, ""windowId"": 7471826, ""processId"": 141908, ""offscreen"": false, ""bounds"": ""1796;20;64;40"", ""authorization"": ""User authorized native fallback for real Windows testing"", ""videoOffsetSeconds"": 409.784}"
2026-10-05T09:18:20.7146639Z,411.101,activate-observed-native-window,,"{""utc"": ""2026-10-05T09:18:20.7146639Z"", ""action"": ""activate-observed-native-window"", ""windowId"": 3213706, ""pid"": 141908, ""allowedProcess"": ""narro-m7-validation"", ""before"": 3213706, ""after"": 3213706, ""foregroundConfirmed"": true, ""videoOffsetSeconds"": 411.101}"
2026-10-05T09:18:20.7523215Z,411.139,native-uia-invoke,Open,"{""utc"": ""2026-10-05T09:18:20.7523215Z"", ""action"": ""native-uia-invoke"", ""button"": ""Open"", ""observedOrdinal"": 4, ""expectedMatches"": 6, ""windowId"": 3213706, ""processId"": 141908, ""offscreen"": false, ""bounds"": ""1542;492;131;50"", ""authorization"": ""User authorized native fallback for real Windows testing"", ""videoOffsetSeconds"": 411.139}"
2026-10-05T09:18:56.3765903Z,446.763,native-uia-observed-pointer-click,Expand subtasks for M7 PR233 CI948 LongUnbrokenTitleForNarrowMetricAndQueuedBadgeValidation1234567890,"{""utc"": ""2026-10-05T09:18:56.3765903Z"", ""action"": ""native-uia-observed-pointer-click"", ""button"": ""Expand subtasks for M7 PR233 CI948 LongUnbrokenTitleForNarrowMetricAndQueuedBadgeValidation1234567890"", ""observedOrdinal"": 0, ""expectedMatches"": 1, ""windowId"": 3213706, ""processId"": 141908, ""offscreen"": false, ""bounds"": ""1131;762;324;36"", ""authorization"": ""User authorized native fallback for real Windows testing"", ""videoOffsetSeconds"": 446.763}"
2026-10-05T09:19:29.6498123Z,480.036,native-uia-invoke,CI953 Visual subtask 1 — readable normal row,"{""utc"": ""2026-10-05T09:19:29.6498123Z"", ""action"": ""native-uia-invoke"", ""button"": ""CI953 Visual subtask 1 — readable normal row"", ""observedOrdinal"": 0, ""expectedMatches"": 1, ""windowId"": 3213706, ""processId"": 141908, ""offscreen"": false, ""bounds"": ""1167;849;148;33"", ""authorization"": ""User authorized native fallback for real Windows testing"", ""videoOffsetSeconds"": 480.036}"
2026-10-05T09:19:57.8159262Z,508.203,native-uia-invoke,Cancel subtask edit,"{""utc"": ""2026-10-05T09:19:57.8159262Z"", ""action"": ""native-uia-invoke"", ""button"": ""Cancel subtask edit"", ""observedOrdinal"": 0, ""expectedMatches"": 1, ""windowId"": 3213706, ""processId"": 141908, ""offscreen"": false, ""bounds"": ""1360;848;35;35"", ""authorization"": ""User authorized native fallback for real Windows testing"", ""videoOffsetSeconds"": 508.203}"
2026-10-05T09:19:58.1818952Z,508.569,native-uia-invoke,Complete subtask: CI953 Visual subtask 1 — readable normal row,"{""utc"": ""2026-10-05T09:19:58.1818952Z"", ""action"": ""native-uia-invoke"", ""button"": ""Complete subtask: CI953 Visual subtask 1 — readable normal row"", ""observedOrdinal"": 0, ""expectedMatches"": 1, ""windowId"": 3213706, ""processId"": 141908, ""offscreen"": false, ""bounds"": ""1127;848;35;35"", ""authorization"": ""User authorized native fallback for real Windows testing"", ""videoOffsetSeconds"": 508.569}"
2026-10-05T09:19:58.9522723Z,509.339,native-uia-invoke,Reopen subtask: CI953 Visual subtask 1 — readable normal row,"{""utc"": ""2026-10-05T09:19:58.9522723Z"", ""action"": ""native-uia-invoke"", ""button"": ""Reopen subtask: CI953 Visual subtask 1 — readable normal row"", ""observedOrdinal"": 0, ""expectedMatches"": 1, ""windowId"": 3213706, ""processId"": 141908, ""offscreen"": false, ""bounds"": ""1127;848;35;35"", ""authorization"": ""User authorized native fallback for real Windows testing"", ""videoOffsetSeconds"": 509.339}"
2026-10-05T09:19:59.2697955Z,509.656,native-uia-observed-pointer-click,Collapse subtasks for M7 PR233 CI948 LongUnbrokenTitleForNarrowMetricAndQueuedBadgeValidation1234567890,"{""utc"": ""2026-10-05T09:19:59.2697955Z"", ""action"": ""native-uia-observed-pointer-click"", ""button"": ""Collapse subtasks for M7 PR233 CI948 LongUnbrokenTitleForNarrowMetricAndQueuedBadgeValidation1234567890"", ""observedOrdinal"": 0, ""expectedMatches"": 1, ""windowId"": 3213706, ""processId"": 141908, ""offscreen"": false, ""bounds"": ""1122;762;318;36"", ""authorization"": ""User authorized native fallback for real Windows testing"", ""videoOffsetSeconds"": 509.656}"
2026-10-05T09:19:59.7842651Z,510.171,native-uia-observed-pointer-click,Expand notes for M7 PR233 CI948 LongUnbrokenTitleForNarrowMetricAndQueuedBadgeValidation1234567890,"{""utc"": ""2026-10-05T09:19:59.7842651Z"", ""action"": ""native-uia-observed-pointer-click"", ""button"": ""Expand notes for M7 PR233 CI948 LongUnbrokenTitleForNarrowMetricAndQueuedBadgeValidation1234567890"", ""observedOrdinal"": 0, ""expectedMatches"": 1, ""windowId"": 3213706, ""processId"": 141908, ""offscreen"": false, ""bounds"": ""1131;711;324;36"", ""authorization"": ""User authorized native fallback for real Windows testing"", ""videoOffsetSeconds"": 510.171}"
2026-10-05T09:20:41.1357882Z,551.522,native-uia-observed-pointer-click,Open larger notes editor,"{""utc"": ""2026-10-05T09:20:41.1357882Z"", ""action"": ""native-uia-observed-pointer-click"", ""button"": ""Open larger notes editor"", ""observedOrdinal"": 0, ""expectedMatches"": 1, ""windowId"": 3213706, ""processId"": 141908, ""offscreen"": false, ""bounds"": ""1402;756;35;36"", ""authorization"": ""User authorized native fallback for real Windows testing"", ""videoOffsetSeconds"": 551.522}"
2026-10-05T09:20:43.3244092Z,553.711,native-uia-setfocus,Task note,"{""utc"": ""2026-10-05T09:20:43.3244092Z"", ""action"": ""native-uia-setfocus"", ""windowId"": 3213706, ""name"": ""Task note"", ""bounds"": ""341;178;1238;696"", ""videoOffsetSeconds"": 553.711}"
2026-10-05T09:20:43.4353323Z,553.822,physical-scancode-chord,Ctrl+Home,"{""utc"": ""2026-10-05T09:20:43.4353323Z"", ""action"": ""physical-scancode-chord"", ""windowId"": 3213706, ""pid"": 141908, ""chord"": ""Ctrl+Home"", ""scancodes"": [29, 71], ""injection"": ""keybd_event KEYEVENTF_SCANCODE; normal Windows input path"", ""videoOffsetSeconds"": 553.822}"
2026-10-05T09:20:43.9657453Z,554.352,physical-scancode-chord,Ctrl+End,"{""utc"": ""2026-10-05T09:20:43.9657453Z"", ""action"": ""physical-scancode-chord"", ""windowId"": 3213706, ""pid"": 141908, ""chord"": ""Ctrl+End"", ""scancodes"": [29, 79], ""injection"": ""keybd_event KEYEVENTF_SCANCODE; normal Windows input path"", ""videoOffsetSeconds"": 554.352}"
2026-10-05T09:20:44.4597063Z,554.846,physical-scancode-chord,Tab,"{""utc"": ""2026-10-05T09:20:44.4597063Z"", ""action"": ""physical-scancode-chord"", ""windowId"": 3213706, ""pid"": 141908, ""chord"": ""Tab"", ""scancodes"": [15], ""injection"": ""keybd_event KEYEVENTF_SCANCODE; normal Windows input path"", ""videoOffsetSeconds"": 554.846}"
2026-10-05T09:20:44.8525896Z,555.239,physical-scancode-chord,Shift+Tab,"{""utc"": ""2026-10-05T09:20:44.8525896Z"", ""action"": ""physical-scancode-chord"", ""windowId"": 3213706, ""pid"": 141908, ""chord"": ""Shift+Tab"", ""scancodes"": [42, 15], ""injection"": ""keybd_event KEYEVENTF_SCANCODE; normal Windows input path"", ""videoOffsetSeconds"": 555.239}"
2026-10-05T09:20:45.3447821Z,555.731,physical-scancode-chord,Escape,"{""utc"": ""2026-10-05T09:20:45.3447821Z"", ""action"": ""physical-scancode-chord"", ""windowId"": 3213706, ""pid"": 141908, ""chord"": ""Escape"", ""scancodes"": [1], ""injection"": ""keybd_event KEYEVENTF_SCANCODE; normal Windows input path"", ""videoOffsetSeconds"": 555.731}"
2026-10-05T09:20:45.7749324Z,556.162,native-uia-observed-pointer-click,Collapse notes for M7 PR233 CI948 LongUnbrokenTitleForNarrowMetricAndQueuedBadgeValidation1234567890,"{""utc"": ""2026-10-05T09:20:45.7749324Z"", ""action"": ""native-uia-observed-pointer-click"", ""button"": ""Collapse notes for M7 PR233 CI948 LongUnbrokenTitleForNarrowMetricAndQueuedBadgeValidation1234567890"", ""observedOrdinal"": 0, ""expectedMatches"": 1, ""windowId"": 3213706, ""processId"": 141908, ""offscreen"": false, ""bounds"": ""1122;711;318;36"", ""authorization"": ""User authorized native fallback for real Windows testing"", ""videoOffsetSeconds"": 556.162}"
2026-10-05T09:20:46.3012201Z,556.688,native-uia-invoke,Settings,"{""utc"": ""2026-10-05T09:20:46.3012201Z"", ""action"": ""native-uia-invoke"", ""button"": ""Settings"", ""observedOrdinal"": 0, ""expectedMatches"": 1, ""windowId"": 3213706, ""processId"": 141908, ""offscreen"": false, ""bounds"": ""1770;42;106;51"", ""authorization"": ""User authorized native fallback for real Windows testing"", ""videoOffsetSeconds"": 556.688}"
2026-10-05T09:21:25.3410231Z,595.728,physical-mouse-wheel,,"{""utc"": ""2026-10-05T09:21:25.3410231Z"", ""action"": ""physical-mouse-wheel"", ""windowId"": 3213706, ""x"": 1340, ""y"": 850, ""delta"": -600, ""videoOffsetSeconds"": 595.728}"
2026-10-05T09:21:26.9437468Z,597.33,physical-mouse-wheel,,"{""utc"": ""2026-10-05T09:21:26.9437468Z"", ""action"": ""physical-mouse-wheel"", ""windowId"": 3213706, ""x"": 1340, ""y"": 850, ""delta"": -1440, ""videoOffsetSeconds"": 597.33}"
2026-10-05T09:21:27.9593903Z,598.346,physical-scancode-chord,Tab,"{""utc"": ""2026-10-05T09:21:27.9593903Z"", ""action"": ""physical-scancode-chord"", ""windowId"": 3213706, ""pid"": 141908, ""chord"": ""Tab"", ""scancodes"": [15], ""injection"": ""keybd_event KEYEVENTF_SCANCODE; normal Windows input path"", ""videoOffsetSeconds"": 598.346}"
2026-10-05T09:21:28.3517556Z,598.738,physical-scancode-chord,Tab,"{""utc"": ""2026-10-05T09:21:28.3517556Z"", ""action"": ""physical-scancode-chord"", ""windowId"": 3213706, ""pid"": 141908, ""chord"": ""Tab"", ""scancodes"": [15], ""injection"": ""keybd_event KEYEVENTF_SCANCODE; normal Windows input path"", ""videoOffsetSeconds"": 598.738}"
2026-10-05T09:21:28.7423799Z,599.129,physical-scancode-chord,Shift+Tab,"{""utc"": ""2026-10-05T09:21:28.7423799Z"", ""action"": ""physical-scancode-chord"", ""windowId"": 3213706, ""pid"": 141908, ""chord"": ""Shift+Tab"", ""scancodes"": [42, 15], ""injection"": ""keybd_event KEYEVENTF_SCANCODE; normal Windows input path"", ""videoOffsetSeconds"": 599.129}"
2026-10-05T09:21:29.3530162Z,599.74,os-client-area-animation,,"{""utc"": ""2026-10-05T09:21:29.3530162Z"", ""action"": ""os-client-area-animation"", ""request"": ""normal"", ""before"": 0, ""after"": 1, ""videoOffsetSeconds"": 599.74}"
2026-10-05T09:21:29.7153286Z,600.102,native-uia-invoke,Home,"{""utc"": ""2026-10-05T09:21:29.7153286Z"", ""action"": ""native-uia-invoke"", ""button"": ""Home"", ""observedOrdinal"": 0, ""expectedMatches"": 1, ""windowId"": 3213706, ""processId"": 141908, ""offscreen"": false, ""bounds"": ""915;1020;161;51"", ""authorization"": ""User authorized native fallback for real Windows testing"", ""videoOffsetSeconds"": 600.102}"
2026-10-05T09:22:13.5191021Z,643.906,native-uia-invoke,Settings,"{""utc"": ""2026-10-05T09:22:13.5191021Z"", ""action"": ""native-uia-invoke"", ""button"": ""Settings"", ""observedOrdinal"": 0, ""expectedMatches"": 1, ""windowId"": 3213706, ""processId"": 141908, ""offscreen"": false, ""bounds"": ""1789;42;106;51"", ""authorization"": ""User authorized native fallback for real Windows testing"", ""videoOffsetSeconds"": 643.906}"
2026-10-05T09:22:14.3761621Z,644.763,physical-mouse-wheel,,"{""utc"": ""2026-10-05T09:22:14.3761621Z"", ""action"": ""physical-mouse-wheel"", ""windowId"": 3213706, ""x"": 1340, ""y"": 850, ""delta"": -5000, ""videoOffsetSeconds"": 644.763}"
2026-10-05T09:22:15.8072234Z,646.194,native-uia-invoke,Home,"{""utc"": ""2026-10-05T09:22:15.8072234Z"", ""action"": ""native-uia-invoke"", ""button"": ""Home"", ""observedOrdinal"": 0, ""expectedMatches"": 1, ""windowId"": 3213706, ""processId"": 141908, ""offscreen"": false, ""bounds"": ""915;1020;161;51"", ""authorization"": ""User authorized native fallback for real Windows testing"", ""videoOffsetSeconds"": 646.194}"
2026-10-05T09:22:16.1257593Z,646.512,native-uia-invoke,Reports,"{""utc"": ""2026-10-05T09:22:16.1257593Z"", ""action"": ""native-uia-invoke"", ""button"": ""Reports"", ""observedOrdinal"": 0, ""expectedMatches"": 1, ""windowId"": 3213706, ""processId"": 141908, ""offscreen"": false, ""bounds"": ""1095;1021;160;50"", ""authorization"": ""User authorized native fallback for real Windows testing"", ""videoOffsetSeconds"": 646.512}"
2026-10-05T09:22:51.7327045Z,682.119,native-uia-observed-pointer-click,"Sep 05, 2026 – Oct 05, 2026","{""utc"": ""2026-10-05T09:22:51.7327045Z"", ""action"": ""native-uia-observed-pointer-click"", ""button"": ""Sep 05, 2026 – Oct 05, 2026"", ""observedOrdinal"": 0, ""expectedMatches"": 1, ""windowId"": 3213706, ""processId"": 141908, ""offscreen"": false, ""bounds"": ""1526;309;315;48"", ""authorization"": ""User authorized native fallback for real Windows testing"", ""videoOffsetSeconds"": 682.119}"
2026-10-05T09:23:21.3563953Z,711.743,native-uia-invoke,Cancel,"{""utc"": ""2026-10-05T09:23:21.3563953Z"", ""action"": ""native-uia-invoke"", ""button"": ""Cancel"", ""observedOrdinal"": 0, ""expectedMatches"": 1, ""windowId"": 3213706, ""processId"": 141908, ""offscreen"": false, ""bounds"": ""1229;699;466;53"", ""authorization"": ""User authorized native fallback for real Windows testing"", ""videoOffsetSeconds"": 711.743}"
2026-10-05T09:23:23.7336726Z,714.12,native-uia-invoke,Chart options,"{""utc"": ""2026-10-05T09:23:23.7336726Z"", ""action"": ""native-uia-invoke"", ""button"": ""Chart options"", ""observedOrdinal"": 0, ""expectedMatches"": 1, ""windowId"": 3213706, ""processId"": 141908, ""offscreen"": false, ""bounds"": ""1782;537;41;36"", ""authorization"": ""User authorized native fallback for real Windows testing"", ""videoOffsetSeconds"": 714.12}"
2026-10-05T09:23:24.5349252Z,714.922,physical-scancode-chord,Escape,"{""utc"": ""2026-10-05T09:23:24.5349252Z"", ""action"": ""physical-scancode-chord"", ""windowId"": 3213706, ""pid"": 141908, ""chord"": ""Escape"", ""scancodes"": [1], ""injection"": ""keybd_event KEYEVENTF_SCANCODE; normal Windows input path"", ""videoOffsetSeconds"": 714.922}"
2026-10-05T09:23:24.9590583Z,715.346,native-uia-invoke,‹ BACK,"{""utc"": ""2026-10-05T09:23:24.9590583Z"", ""action"": ""native-uia-invoke"", ""button"": ""‹ BACK"", ""observedOrdinal"": 0, ""expectedMatches"": 1, ""windowId"": 3213706, ""processId"": 141908, ""offscreen"": false, ""bounds"": ""320;165;62;48"", ""authorization"": ""User authorized native fallback for real Windows testing"", ""videoOffsetSeconds"": 715.346}"
2026-10-05T09:24:01.2145617Z,751.601,native-uia-invoke,Reports,"{""utc"": ""2026-10-05T09:24:01.2145617Z"", ""action"": ""native-uia-invoke"", ""button"": ""Reports"", ""observedOrdinal"": 0, ""expectedMatches"": 1, ""windowId"": 3213706, ""processId"": 141908, ""offscreen"": false, ""bounds"": ""1095;1021;160;50"", ""authorization"": ""User authorized native fallback for real Windows testing"", ""videoOffsetSeconds"": 751.601}"
2026-10-05T09:24:02.7667796Z,753.153,observed-pointer-tab,Sessions BETA,"{""utc"": ""2026-10-05T09:24:02.7667796Z"", ""action"": ""observed-pointer-tab"", ""name"": ""Sessions BETA"", ""windowId"": 3213706, ""bounds"": ""451;243;161;41"", ""videoOffsetSeconds"": 753.153}"
2026-10-05T09:24:39.1889282Z,789.576,native-uia-invoke,+ Add Session,"{""utc"": ""2026-10-05T09:24:39.1889282Z"", ""action"": ""native-uia-invoke"", ""button"": ""+ Add Session"", ""observedOrdinal"": 0, ""expectedMatches"": 1, ""windowId"": 3213706, ""processId"": 141908, ""offscreen"": false, ""bounds"": ""1514;167;168;44"", ""authorization"": ""User authorized native fallback for real Windows testing"", ""videoOffsetSeconds"": 789.576}"
2026-10-05T09:24:40.5779124Z,790.965,physical-scancode-chord,Tab,"{""utc"": ""2026-10-05T09:24:40.5779124Z"", ""action"": ""physical-scancode-chord"", ""windowId"": 3213706, ""pid"": 141908, ""chord"": ""Tab"", ""scancodes"": [15], ""injection"": ""keybd_event KEYEVENTF_SCANCODE; normal Windows input path"", ""videoOffsetSeconds"": 790.965}"
2026-10-05T09:24:40.9804946Z,791.367,physical-scancode-chord,Tab,"{""utc"": ""2026-10-05T09:24:40.9804946Z"", ""action"": ""physical-scancode-chord"", ""windowId"": 3213706, ""pid"": 141908, ""chord"": ""Tab"", ""scancodes"": [15], ""injection"": ""keybd_event KEYEVENTF_SCANCODE; normal Windows input path"", ""videoOffsetSeconds"": 791.367}"
2026-10-05T09:24:41.3787923Z,791.765,physical-scancode-chord,Escape,"{""utc"": ""2026-10-05T09:24:41.3787923Z"", ""action"": ""physical-scancode-chord"", ""windowId"": 3213706, ""pid"": 141908, ""chord"": ""Escape"", ""scancodes"": [1], ""injection"": ""keybd_event KEYEVENTF_SCANCODE; normal Windows input path"", ""videoOffsetSeconds"": 791.765}"
2026-10-05T09:24:41.8115700Z,792.198,native-uia-observed-pointer-click,Hide Break sessions,"{""utc"": ""2026-10-05T09:24:41.8115700Z"", ""action"": ""native-uia-observed-pointer-click"", ""button"": ""Hide Break sessions"", ""observedOrdinal"": 0, ""expectedMatches"": 1, ""windowId"": 3213706, ""processId"": 141908, ""offscreen"": false, ""bounds"": ""557;309;223;53"", ""authorization"": ""User authorized native fallback for real Windows testing"", ""videoOffsetSeconds"": 792.198}"
2026-10-05T09:25:09.1470619Z,819.534,native-uia-observed-pointer-click,Hide Break sessions,"{""utc"": ""2026-10-05T09:25:09.1470619Z"", ""action"": ""native-uia-observed-pointer-click"", ""button"": ""Hide Break sessions"", ""observedOrdinal"": 0, ""expectedMatches"": 1, ""windowId"": 3213706, ""processId"": 141908, ""offscreen"": false, ""bounds"": ""557;309;223;53"", ""authorization"": ""User authorized native fallback for real Windows testing"", ""videoOffsetSeconds"": 819.534}"
2026-10-05T09:25:09.6869701Z,820.074,native-uia-observed-pointer-click,Session actions for M7 CI942 English shortcut companion,"{""utc"": ""2026-10-05T09:25:09.6869701Z"", ""action"": ""native-uia-observed-pointer-click"", ""button"": ""Session actions for M7 CI942 English shortcut companion"", ""observedOrdinal"": 0, ""expectedMatches"": 1, ""windowId"": 3213706, ""processId"": 141908, ""offscreen"": false, ""bounds"": ""1761;729;40;43"", ""authorization"": ""User authorized native fallback for real Windows testing"", ""videoOffsetSeconds"": 820.074}"
2026-10-05T09:25:33.3350971Z,843.722,bookmark,,"{""utc"": ""2026-10-05T09:25:33.3350971Z"", ""action"": ""bookmark"", ""observation"": ""M9 Add Session remained open after two actual Tab and Escape. Subsequent guarded underlying filter/menu clicks did not establish those actions. Use actual Cancel recovery; requirement/source disposition deferred."", ""state"": ""REVIEW_PENDING"", ""videoOffsetSeconds"": 843.722}"
2026-10-05T09:25:34.2312849Z,844.618,native-uia-invoke,Cancel,"{""utc"": ""2026-10-05T09:25:34.2312849Z"", ""action"": ""native-uia-invoke"", ""button"": ""Cancel"", ""observedOrdinal"": 0, ""expectedMatches"": 1, ""windowId"": 3213706, ""processId"": 141908, ""offscreen"": false, ""bounds"": ""989;744;93;50"", ""authorization"": ""User authorized native fallback for real Windows testing"", ""videoOffsetSeconds"": 844.618}"
2026-10-05T09:25:35.1501364Z,845.537,native-uia-observed-pointer-click,Session actions for M7 CI942 English shortcut companion,"{""utc"": ""2026-10-05T09:25:35.1501364Z"", ""action"": ""native-uia-observed-pointer-click"", ""button"": ""Session actions for M7 CI942 English shortcut companion"", ""observedOrdinal"": 0, ""expectedMatches"": 1, ""windowId"": 3213706, ""processId"": 141908, ""offscreen"": false, ""bounds"": ""1761;729;40;43"", ""authorization"": ""User authorized native fallback for real Windows testing"", ""videoOffsetSeconds"": 845.537}"
2026-10-05T09:26:01.5768605Z,871.964,native-uia-observed-pointer-click,Edit,"{""utc"": ""2026-10-05T09:26:01.5768605Z"", ""action"": ""native-uia-observed-pointer-click"", ""button"": ""Edit"", ""windowId"": 3213706, ""processId"": 141908, ""offscreen"": false, ""bounds"": ""1572;787;228;44"", ""authorization"": ""User authorized native fallback for real Windows testing"", ""videoOffsetSeconds"": 871.964}"
2026-10-05T09:26:47.2946843Z,917.681,native-uia-observed-pointer-click,Session actions for M7 CI942 English shortcut companion,"{""utc"": ""2026-10-05T09:26:47.2946843Z"", ""action"": ""native-uia-observed-pointer-click"", ""button"": ""Session actions for M7 CI942 English shortcut companion"", ""observedOrdinal"": 2, ""expectedMatches"": 2, ""windowId"": 3213706, ""processId"": 141908, ""offscreen"": false, ""bounds"": ""1314;601;41;41"", ""authorization"": ""User authorized native fallback for real Windows testing"", ""videoOffsetSeconds"": 917.681}"
2026-10-05T09:27:39.0544340Z,969.441,physical-scancode-chord,Escape,"{""utc"": ""2026-10-05T09:27:39.0544340Z"", ""action"": ""physical-scancode-chord"", ""windowId"": 3213706, ""pid"": 141908, ""chord"": ""Escape"", ""scancodes"": [1], ""injection"": ""keybd_event KEYEVENTF_SCANCODE; normal Windows input path"", ""videoOffsetSeconds"": 969.441}"
2026-10-05T09:27:39.7715820Z,970.158,native-uia-invoke,Close task session detail,"{""utc"": ""2026-10-05T09:27:39.7715820Z"", ""action"": ""native-uia-invoke"", ""button"": ""Close task session detail"", ""observedOrdinal"": 0, ""expectedMatches"": 1, ""windowId"": 3213706, ""processId"": 141908, ""offscreen"": false, ""bounds"": ""1335;442;41;40"", ""authorization"": ""User authorized native fallback for real Windows testing"", ""videoOffsetSeconds"": 970.158}"
2026-10-05T09:27:40.1360055Z,970.523,native-uia-invoke,Settings,"{""utc"": ""2026-10-05T09:27:40.1360055Z"", ""action"": ""native-uia-invoke"", ""button"": ""Settings"", ""observedOrdinal"": 0, ""expectedMatches"": 1, ""windowId"": 3213706, ""processId"": 141908, ""offscreen"": false, ""bounds"": ""1770;42;106;51"", ""authorization"": ""User authorized native fallback for real Windows testing"", ""videoOffsetSeconds"": 970.523}"
2026-10-05T09:27:41.5009785Z,971.888,native-uia-setfocus,Light theme — Use Narro's light surfaces,"{""utc"": ""2026-10-05T09:27:41.5009785Z"", ""action"": ""native-uia-setfocus"", ""windowId"": 3213706, ""name"": ""Light theme — Use Narro's light surfaces"", ""bounds"": ""1396;751;98;45"", ""videoOffsetSeconds"": 971.888}"
2026-10-05T09:27:41.5069666Z,971.894,physical-scancode-chord,Ctrl+End,"{""utc"": ""2026-10-05T09:27:41.5069666Z"", ""action"": ""physical-scancode-chord"", ""windowId"": 3213706, ""pid"": 141908, ""chord"": ""Ctrl+End"", ""scancodes"": [29, 79], ""injection"": ""keybd_event KEYEVENTF_SCANCODE; normal Windows input path"", ""videoOffsetSeconds"": 971.894}"
2026-10-05T09:28:10.5489705Z,1000.936,physical-mouse-wheel,,"{""utc"": ""2026-10-05T09:28:10.5489705Z"", ""action"": ""physical-mouse-wheel"", ""windowId"": 3213706, ""x"": 1340, ""y"": 850, ""delta"": -1440, ""videoOffsetSeconds"": 1000.936}"
2026-10-05T09:28:11.3700721Z,1001.757,physical-mouse-wheel,,"{""utc"": ""2026-10-05T09:28:11.3700721Z"", ""action"": ""physical-mouse-wheel"", ""windowId"": 3213706, ""x"": 1340, ""y"": 850, ""delta"": -1440, ""videoOffsetSeconds"": 1001.757}"
2026-10-05T09:28:12.1637682Z,1002.55,physical-mouse-wheel,,"{""utc"": ""2026-10-05T09:28:12.1637682Z"", ""action"": ""physical-mouse-wheel"", ""windowId"": 3213706, ""x"": 1340, ""y"": 850, ""delta"": -1440, ""videoOffsetSeconds"": 1002.55}"
2026-10-05T09:28:12.9526861Z,1003.339,physical-mouse-wheel,,"{""utc"": ""2026-10-05T09:28:12.9526861Z"", ""action"": ""physical-mouse-wheel"", ""windowId"": 3213706, ""x"": 1340, ""y"": 850, ""delta"": -1440, ""videoOffsetSeconds"": 1003.339}"
2026-10-05T09:28:14.0714156Z,1004.458,native-uia-invoke,Home,"{""utc"": ""2026-10-05T09:28:14.0714156Z"", ""action"": ""native-uia-invoke"", ""button"": ""Home"", ""observedOrdinal"": 0, ""expectedMatches"": 1, ""windowId"": 3213706, ""processId"": 141908, ""offscreen"": false, ""bounds"": ""915;1020;161;51"", ""authorization"": ""User authorized native fallback for real Windows testing"", ""videoOffsetSeconds"": 1004.458}"
2026-10-05T09:28:14.4616206Z,1004.848,physical-scancode-chord,Ctrl+Shift+T,"{""utc"": ""2026-10-05T09:28:14.4616206Z"", ""action"": ""physical-scancode-chord"", ""windowId"": 3213706, ""pid"": 141908, ""chord"": ""Ctrl+Shift+T"", ""scancodes"": [29, 42, 20], ""injection"": ""keybd_event KEYEVENTF_SCANCODE; normal Windows input path"", ""videoOffsetSeconds"": 1004.848}"
2026-10-05T09:28:15.9828605Z,1006.37,native-uia-invoke,Stop Recording,"{""utc"": ""2026-10-05T09:28:15.9828605Z"", ""action"": ""native-uia-invoke"", ""button"": ""Stop Recording"", ""observedOrdinal"": 0, ""expectedMatches"": 1, ""windowId"": 3149438, ""processId"": 43648, ""offscreen"": false, ""bounds"": ""-30428;-31236;298;45"", ""authorization"": ""User authorized native fallback for real Windows testing"", ""videoOffsetSeconds"": 1006.37}"
