utc,original_approx_seconds,action,target_or_note,mode,raw_input
2026-10-05T09:45:14.3676170Z,-0.729,native-uia-invoke,Start Recording,,actions.jsonl:1
2026-10-05T09:45:14.9789535Z,-0.118,activate-observed-native-window,,,raw-actions.log:1
2026-10-05T09:45:15.0232616Z,-0.073,native-uia-observed-pointer-click,Expand Floating Timer,,actions.jsonl:2
2026-10-05T09:46:11.5386469Z,56.442,os-client-area-animation,normal,,raw-actions.log:2
2026-10-05T09:47:10.7861745Z,115.69,os-client-area-animation,normal,,raw-actions.log:3
2026-10-05T09:47:10.9536328Z,115.857,observed-populated-timer-hover,Start break,normal,actions.jsonl:3
2026-10-05T09:47:12.8681004Z,117.772,observed-populated-timer-hover,Notes,normal,actions.jsonl:4
2026-10-05T09:47:14.2766407Z,119.18,observed-populated-timer-hover,Resume,normal,actions.jsonl:5
2026-10-05T09:47:15.6665181Z,120.57,observed-populated-timer-hover,Skip task,normal,actions.jsonl:6
2026-10-05T09:47:17.0405314Z,121.944,observed-populated-timer-hover,Complete task,normal,actions.jsonl:7
2026-10-05T09:47:18.4121932Z,123.316,observed-populated-timer-hover,Return to Focus Panel,normal,actions.jsonl:8
2026-10-05T09:47:19.9257458Z,124.829,os-client-area-animation,reduced,,raw-actions.log:10
2026-10-05T09:47:19.9506887Z,124.854,observed-populated-timer-hover,Start break,reduced,actions.jsonl:9
2026-10-05T09:47:21.3236340Z,126.227,observed-populated-timer-hover,Notes,reduced,actions.jsonl:10
2026-10-05T09:47:22.6873033Z,127.591,observed-populated-timer-hover,Resume,reduced,actions.jsonl:11
2026-10-05T09:47:24.0595322Z,128.963,observed-populated-timer-hover,Skip task,reduced,actions.jsonl:12
2026-10-05T09:47:25.4208998Z,130.324,observed-populated-timer-hover,Complete task,reduced,actions.jsonl:13
2026-10-05T09:47:26.7828806Z,131.686,observed-populated-timer-hover,Return to Focus Panel,reduced,actions.jsonl:14
2026-10-05T09:47:28.2261179Z,133.13,native-uia-invoke,Return to Focus Panel,,actions.jsonl:15
2026-10-05T09:47:29.2051135Z,134.109,native-uia-invoke,Home,,actions.jsonl:16
2026-10-05T09:47:29.8063346Z,134.71,activate-observed-native-window,,,raw-actions.log:17
2026-10-05T09:47:29.8364118Z,134.74,native-uia-invoke,Open,,actions.jsonl:17
2026-10-05T09:47:30.8104814Z,135.714,native-uia-observed-pointer-click,Expand subtasks for M7 PR233 CI948 LongUnbrokenTitleForNarrowMetricAndQueuedBadgeValidation1234567890,,actions.jsonl:18
2026-10-05T09:47:31.3146330Z,136.218,native-uia-invoke,CI953VisualSubtask2LongUnbrokenTitleForOverflowTooltipAndNarrowRowAcceptance1234567890ABCDEFGHIJKLMNOPQRSTUVWXYZ,,actions.jsonl:19
2026-10-05T09:48:45.1326487Z,210.036,physical-scancode-chord,Ctrl+A,,raw-actions.log:18
2026-10-05T09:48:45.9781664Z,210.882,observed-unicode-SendInput,Subtask title,,raw-actions.log:19
2026-10-05T09:48:46.6013171Z,211.505,observed-text-value-after-input,Subtask title,,raw-actions.log:20
2026-10-05T09:48:46.7201296Z,211.624,native-uia-invoke,Save subtask title,,actions.jsonl:20
2026-10-05T09:48:47.5205265Z,212.424,native-uia-invoke,CI953VisualSubtask2LongUnbrokenTitleForOverflowTooltipAndNarrowRowAcceptance1234567890ABCDEFGHIJKLMNOPQRSTUVWXYZ edited,,actions.jsonl:21
2026-10-05T09:48:47.8162652Z,212.72,physical-scancode-chord,Ctrl+A,,raw-actions.log:21
2026-10-05T09:48:48.3492091Z,213.253,observed-unicode-SendInput,Subtask title,,raw-actions.log:22
2026-10-05T09:48:48.9571973Z,213.861,observed-text-value-after-input,Subtask title,,raw-actions.log:23
2026-10-05T09:48:48.9886294Z,213.892,native-uia-invoke,Save subtask title,,actions.jsonl:22
2026-10-05T09:48:49.7541350Z,214.658,native-uia-invoke,CI953VisualSubtask2LongUnbrokenTitleForOverflowTooltipAndNarrowRowAcceptance1234567890ABCDEFGHIJKLMNOPQRSTUVWXYZ,,actions.jsonl:23
2026-10-05T09:48:50.0623805Z,214.966,native-uia-invoke,Cancel subtask edit,,actions.jsonl:24
2026-10-05T09:48:50.3737064Z,215.277,native-uia-observed-pointer-click,Collapse subtasks for M7 PR233 CI948 LongUnbrokenTitleForNarrowMetricAndQueuedBadgeValidation1234567890,,actions.jsonl:25
2026-10-05T09:48:50.8624442Z,215.766,native-uia-invoke,Home,,actions.jsonl:26
2026-10-05T09:48:51.1746457Z,216.078,native-uia-invoke,Open,,actions.jsonl:27
2026-10-05T09:49:43.7909528Z,268.694,os-client-area-animation,normal,,raw-actions.log:24
2026-10-05T09:49:44.9677167Z,269.871,native-uia-setfocus,Edit task title: M7 PR234 CI950 alpha retained-menu and drag,,raw-actions.log:26
2026-10-05T09:49:45.5466166Z,270.45,physical-scancode-chord,Tab,,raw-actions.log:27
2026-10-05T09:49:45.9540018Z,270.858,physical-scancode-chord,Shift+Tab,,raw-actions.log:28
2026-10-05T09:49:46.7774096Z,271.681,observed-planning-card-title-hover,Edit task title: M7 PR234 CI950 alpha retained-menu and drag,normal,actions.jsonl:28
2026-10-05T09:49:48.4258558Z,273.329,os-client-area-animation,reduced,,raw-actions.log:30
2026-10-05T09:49:49.1530744Z,274.057,native-uia-setfocus,Edit task title: M7 PR234 CI950 alpha retained-menu and drag,,raw-actions.log:32
2026-10-05T09:49:49.4591315Z,274.363,physical-scancode-chord,Tab,,raw-actions.log:33
2026-10-05T09:49:49.8476625Z,274.751,physical-scancode-chord,Shift+Tab,,raw-actions.log:34
2026-10-05T09:49:50.6346616Z,275.538,observed-planning-card-title-hover,Edit task title: M7 PR234 CI950 alpha retained-menu and drag,reduced,actions.jsonl:29
2026-10-05T09:50:45.0689900Z,329.973,os-client-area-animation,reduced,,raw-actions.log:36
2026-10-05T09:50:45.2094675Z,330.113,observed-planning-rail-hover,Subtasks,reduced,actions.jsonl:30
2026-10-05T09:50:46.6083991Z,331.512,observed-planning-rail-hover,Notes,reduced,actions.jsonl:31
2026-10-05T09:50:47.7601844Z,332.664,observed-planning-rail-hover,Move task one lane left,reduced,actions.jsonl:32
2026-10-05T09:50:48.9055052Z,333.809,observed-planning-rail-hover,Move task one lane right,reduced,actions.jsonl:33
2026-10-05T09:50:50.0655362Z,334.969,observed-planning-rail-hover,Task actions,reduced,actions.jsonl:34
2026-10-05T09:50:51.7164513Z,336.62,os-client-area-animation,normal,,raw-actions.log:42
2026-10-05T09:50:51.7413625Z,336.645,observed-planning-rail-hover,Subtasks,normal,actions.jsonl:35
2026-10-05T09:50:52.8859032Z,337.789,observed-planning-rail-hover,Notes,normal,actions.jsonl:36
2026-10-05T09:50:54.0349301Z,338.938,observed-planning-rail-hover,Move task one lane left,normal,actions.jsonl:37
2026-10-05T09:50:55.1754323Z,340.079,observed-planning-rail-hover,Move task one lane right,normal,actions.jsonl:38
2026-10-05T09:50:56.3047506Z,341.208,observed-planning-rail-hover,Task actions,normal,actions.jsonl:39
2026-10-05T09:50:57.8327689Z,342.736,native-uia-invoke,Reports,,actions.jsonl:40
2026-10-05T09:50:58.8253109Z,343.729,native-uia-observed-pointer-click,"Sep 05, 2026 – Oct 05, 2026",,actions.jsonl:41
2026-10-05T09:50:59.3303660Z,344.234,native-uia-invoke,This week,,actions.jsonl:42
2026-10-05T09:51:55.7722430Z,400.676,native-uia-invoke,Apply,,actions.jsonl:43
2026-10-05T09:52:59.0063503Z,463.91,native-uia-observed-pointer-click,"Oct 05, 2026 – Oct 05, 2026",,actions.jsonl:44
2026-10-05T09:52:59.5356223Z,464.439,native-uia-invoke,Last 30 days,,actions.jsonl:45
2026-10-05T09:52:59.8606560Z,464.764,native-uia-invoke,Apply,,actions.jsonl:46
2026-10-05T09:53:01.4051292Z,466.309,observed-pointer-tab,Sessions BETA,,actions.jsonl:47
2026-10-05T09:53:03.5722218Z,468.476,observe-session-break-filter,,,actions.jsonl:48
2026-10-05T09:53:03.6318521Z,468.535,native-uia-observed-pointer-click,Hide Break sessions,,actions.jsonl:49
2026-10-05T09:53:57.3493710Z,522.253,observe-session-break-filter,Show Break sessions,,actions.jsonl:50
2026-10-05T09:53:58.1079458Z,523.011,native-uia-observed-pointer-click,Show Break sessions,,actions.jsonl:51
2026-10-05T09:53:59.8753038Z,524.779,observe-session-break-filter,Hide Break sessions,,actions.jsonl:52
2026-10-05T09:53:59.9172852Z,524.821,native-uia-observed-pointer-click,Session actions for M7 CI942 English shortcut companion,,actions.jsonl:53
2026-10-05T09:54:00.4358402Z,525.339,native-uia-observed-pointer-click,Edit,,actions.jsonl:54
2026-10-05T09:54:01.5910130Z,526.495,native-uia-invoke,+ Add Session,,actions.jsonl:55
2026-10-05T09:54:51.6375618Z,576.541,observe-manual-time-field,Hours Start,,actions.jsonl:56
2026-10-05T09:54:51.6979219Z,576.601,observe-manual-time-field,Minutes Start,,actions.jsonl:57
2026-10-05T09:54:51.7289019Z,576.632,observe-manual-time-field,AM/PM Start,,actions.jsonl:58
2026-10-05T09:54:51.7576932Z,576.661,observe-manual-time-field,Hours End,,actions.jsonl:59
2026-10-05T09:54:51.7887662Z,576.692,observe-manual-time-field,Minutes End,,actions.jsonl:60
2026-10-05T09:54:51.8177102Z,576.721,observe-manual-time-field,AM/PM End,,actions.jsonl:61
2026-10-05T09:56:42.0113269Z,686.915,bookmark,"30: owned Add Session shows a visible horizontal scrollbar inside the Recent Tasks picker, with supplied long fixture titles; native navigation PNG and continuous OBS preserve it. Source/requirement disposition pending.",,actions.jsonl:62
2026-10-05T09:56:43.2410189Z,688.145,native-uia-setfocus,Hours End,,raw-actions.log:49
2026-10-05T09:56:43.6023514Z,688.506,physical-virtual-key-chord,Down,,actions.jsonl:63
2026-10-05T09:56:43.9825621Z,688.886,native-uia-setfocus,Minutes End,,raw-actions.log:50
2026-10-05T09:56:44.6860361Z,689.59,physical-virtual-key-chord,Up twice,,actions.jsonl:64
2026-10-05T09:58:07.8806017Z,772.784,native-uia-invoke,Add Session,,actions.jsonl:65
2026-10-05T09:58:44.9333966Z,809.837,native-uia-observed-pointer-click,Session actions for M7 CI942 English shortcut companion,,actions.jsonl:66
2026-10-05T10:00:14.4655048Z,899.369,physical-scancode-chord,Escape,,raw-actions.log:51
2026-10-05T10:00:33.1523729Z,918.056,native-uia-invoke,12:56 PM,,actions.jsonl:67
2026-10-05T10:01:59.3554129Z,1004.259,native-uia-setfocus,Minutes End time for M7 CI942 English shortcut companion,,raw-actions.log:52
2026-10-05T10:01:59.7485738Z,1004.652,physical-virtual-key-chord,Up,,actions.jsonl:68
2026-10-05T10:01:59.9043969Z,1004.808,native-uia-invoke,Save session end time,,actions.jsonl:69
2026-10-05T10:02:01.8017831Z,1006.705,native-uia-invoke,12:57 PM,,actions.jsonl:70
2026-10-05T10:02:02.4414043Z,1007.345,native-uia-setfocus,Minutes End time for M7 CI942 English shortcut companion,,raw-actions.log:53
2026-10-05T10:02:02.7884527Z,1007.692,physical-virtual-key-chord,Down,,actions.jsonl:71
2026-10-05T10:02:02.8294078Z,1007.733,native-uia-invoke,Save session end time,,actions.jsonl:72
2026-10-05T10:02:03.8933345Z,1008.797,native-uia-invoke,12:56 PM,,actions.jsonl:73
2026-10-05T10:02:04.5535794Z,1009.457,native-uia-setfocus,Minutes End time for M7 CI942 English shortcut companion,,raw-actions.log:54
2026-10-05T10:02:04.9997051Z,1009.903,physical-scancode-chord,Escape,,raw-actions.log:55
2026-10-05T10:03:18.2049338Z,1083.108,bookmark,"31: Manual end-time editing is reached by clicking the displayed end time, not its Delete-only menu. Actual Save120→180→120 worked on the same manual session ID. After an unsaved minute increment, Escape left the inline editor open; restore draft explicitly and close task detail. Requirement/source review pending.",,actions.jsonl:74
2026-10-05T10:03:19.4261994Z,1084.33,native-uia-setfocus,Minutes End time for M7 CI942 English shortcut companion,,raw-actions.log:56
2026-10-05T10:03:19.7928649Z,1084.696,physical-virtual-key-chord,Down,,actions.jsonl:75
2026-10-05T10:03:19.9070216Z,1084.811,native-uia-invoke,Save session end time,,actions.jsonl:76
2026-10-05T10:03:20.2364905Z,1085.14,native-uia-invoke,Close task session detail,,actions.jsonl:77
2026-10-05T10:03:20.8129422Z,1085.716,native-uia-invoke,Home,,actions.jsonl:78
2026-10-05T10:03:21.3151915Z,1086.219,os-client-area-animation,normal,,raw-actions.log:57
2026-10-05T10:03:21.4025821Z,1086.306,physical-scancode-chord,Ctrl+Shift+T,,raw-actions.log:58
2026-10-05T10:03:23.0953674Z,1087.999,native-uia-invoke,Stop Recording,,actions.jsonl:79
