part-000.mp4,0.000000,362.532000
part-001.mp4,362.533000,720.866000
part-002.mp4,720.866000,1083.366000
part-003.mp4,1083.366000,1441.699000
part-004.mp4,1441.700000,1800.032000
part-005.mp4,1800.033000,2162.532000
part-006.mp4,2162.533000,2520.866000
part-007.mp4,2520.866000,2883.366000
part-008.mp4,2883.366000,3241.699000
part-009.mp4,3241.700000,3600.032000
part-010.mp4,3600.033000,3962.532000
part-011.mp4,3962.533000,4320.866000
part-012.mp4,4320.866000,4683.366000
part-013.mp4,4683.366000,5041.699000
part-014.mp4,5041.700000,5403.549000
part-015.mp4,5403.550000,5761.882000
part-016.mp4,5761.883000,6120.216000
part-017.mp4,6120.216000,6482.716000
part-018.mp4,6482.716000,6720.666000
