"sampleIndex","capturedAtUtc","elapsedSeconds","processCount","treeWorkingSetBytes","treePrivateBytes","pid","parentPid","name","startTimeUtcTicks","processCpuSeconds","processWorkingSetBytes","processPrivateBytes"
"0","2026-10-03T19:14:03.2453775Z","0,001015","7","424435712","327892992","6352","18520","msedgewebview2.exe","639266507709800786","4,8125","129470464","98885632"
"0","2026-10-03T19:14:03.2453775Z","0,001015","7","424435712","327892992","6388","6352","msedgewebview2.exe","639266507712123828","0,328125","37421056","12521472"
"0","2026-10-03T19:14:03.2453775Z","0,001015","7","424435712","327892992","8420","6352","msedgewebview2.exe","639266507710175624","0,0625","11902976","3817472"
"0","2026-10-03T19:14:03.2453775Z","0,001015","7","424435712","327892992","9932","6352","msedgewebview2.exe","639266507716770437","0,4375","76300288","34979840"
"0","2026-10-03T19:14:03.2453775Z","0,001015","7","424435712","327892992","15740","6352","msedgewebview2.exe","639266507712534628","0,0625","19726336","7696384"
"0","2026-10-03T19:14:03.2453775Z","0,001015","7","424435712","327892992","18520","17468","narro-m7-validation.exe","639266507708768255","1,734375","31752192","67104768"
"0","2026-10-03T19:14:03.2453775Z","0,001015","7","424435712","327892992","20952","6352","msedgewebview2.exe","639266507712114276","1,34375","117862400","102887424"
"1","2026-10-03T19:14:04.3868544Z","1,1948732","7","424435712","327892992","6352","18520","msedgewebview2.exe","639266507709800786","4,8125","129470464","98885632"
"1","2026-10-03T19:14:04.3868544Z","1,1948732","7","424435712","327892992","6388","6352","msedgewebview2.exe","639266507712123828","0,328125","37421056","12521472"
"1","2026-10-03T19:14:04.3868544Z","1,1948732","7","424435712","327892992","8420","6352","msedgewebview2.exe","639266507710175624","0,0625","11902976","3817472"
"1","2026-10-03T19:14:04.3868544Z","1,1948732","7","424435712","327892992","9932","6352","msedgewebview2.exe","639266507716770437","0,4375","76300288","34979840"
"1","2026-10-03T19:14:04.3868544Z","1,1948732","7","424435712","327892992","15740","6352","msedgewebview2.exe","639266507712534628","0,0625","19726336","7696384"
"1","2026-10-03T19:14:04.3868544Z","1,1948732","7","424435712","327892992","18520","17468","narro-m7-validation.exe","639266507708768255","1,734375","31752192","67104768"
"1","2026-10-03T19:14:04.3868544Z","1,1948732","7","424435712","327892992","20952","6352","msedgewebview2.exe","639266507712114276","1,34375","117862400","102887424"
"2","2026-10-03T19:14:05.4685283Z","2,3074837","7","424435712","327892992","6352","18520","msedgewebview2.exe","639266507709800786","4,8125","129470464","98885632"
"2","2026-10-03T19:14:05.4685283Z","2,3074837","7","424435712","327892992","6388","6352","msedgewebview2.exe","639266507712123828","0,328125","37421056","12521472"
"2","2026-10-03T19:14:05.4685283Z","2,3074837","7","424435712","327892992","8420","6352","msedgewebview2.exe","639266507710175624","0,0625","11902976","3817472"
"2","2026-10-03T19:14:05.4685283Z","2,3074837","7","424435712","327892992","9932","6352","msedgewebview2.exe","639266507716770437","0,4375","76300288","34979840"
"2","2026-10-03T19:14:05.4685283Z","2,3074837","7","424435712","327892992","15740","6352","msedgewebview2.exe","639266507712534628","0,0625","19726336","7696384"
"2","2026-10-03T19:14:05.4685283Z","2,3074837","7","424435712","327892992","18520","17468","narro-m7-validation.exe","639266507708768255","1,734375","31752192","67104768"
"2","2026-10-03T19:14:05.4685283Z","2,3074837","7","424435712","327892992","20952","6352","msedgewebview2.exe","639266507712114276","1,34375","117862400","102887424"
"3","2026-10-03T19:14:06.5535230Z","3,3886428","7","424435712","327892992","6352","18520","msedgewebview2.exe","639266507709800786","4,8125","129470464","98885632"
"3","2026-10-03T19:14:06.5535230Z","3,3886428","7","424435712","327892992","6388","6352","msedgewebview2.exe","639266507712123828","0,328125","37421056","12521472"
"3","2026-10-03T19:14:06.5535230Z","3,3886428","7","424435712","327892992","8420","6352","msedgewebview2.exe","639266507710175624","0,0625","11902976","3817472"
"3","2026-10-03T19:14:06.5535230Z","3,3886428","7","424435712","327892992","9932","6352","msedgewebview2.exe","639266507716770437","0,4375","76300288","34979840"
"3","2026-10-03T19:14:06.5535230Z","3,3886428","7","424435712","327892992","15740","6352","msedgewebview2.exe","639266507712534628","0,0625","19726336","7696384"
"3","2026-10-03T19:14:06.5535230Z","3,3886428","7","424435712","327892992","18520","17468","narro-m7-validation.exe","639266507708768255","1,734375","31752192","67104768"
"3","2026-10-03T19:14:06.5535230Z","3,3886428","7","424435712","327892992","20952","6352","msedgewebview2.exe","639266507712114276","1,34375","117862400","102887424"
"4","2026-10-03T19:14:07.6331240Z","4,4736334","7","424435712","327892992","6352","18520","msedgewebview2.exe","639266507709800786","4,8125","129470464","98885632"
"4","2026-10-03T19:14:07.6331240Z","4,4736334","7","424435712","327892992","6388","6352","msedgewebview2.exe","639266507712123828","0,328125","37421056","12521472"
"4","2026-10-03T19:14:07.6331240Z","4,4736334","7","424435712","327892992","8420","6352","msedgewebview2.exe","639266507710175624","0,0625","11902976","3817472"
"4","2026-10-03T19:14:07.6331240Z","4,4736334","7","424435712","327892992","9932","6352","msedgewebview2.exe","639266507716770437","0,4375","76300288","34979840"
"4","2026-10-03T19:14:07.6331240Z","4,4736334","7","424435712","327892992","15740","6352","msedgewebview2.exe","639266507712534628","0,0625","19726336","7696384"
"4","2026-10-03T19:14:07.6331240Z","4,4736334","7","424435712","327892992","18520","17468","narro-m7-validation.exe","639266507708768255","1,734375","31752192","67104768"
"4","2026-10-03T19:14:07.6331240Z","4,4736334","7","424435712","327892992","20952","6352","msedgewebview2.exe","639266507712114276","1,34375","117862400","102887424"
"5","2026-10-03T19:14:08.7238175Z","5,5653353","7","424435712","327892992","6352","18520","msedgewebview2.exe","639266507709800786","4,8125","129470464","98885632"
"5","2026-10-03T19:14:08.7238175Z","5,5653353","7","424435712","327892992","6388","6352","msedgewebview2.exe","639266507712123828","0,328125","37421056","12521472"
"5","2026-10-03T19:14:08.7238175Z","5,5653353","7","424435712","327892992","8420","6352","msedgewebview2.exe","639266507710175624","0,0625","11902976","3817472"
"5","2026-10-03T19:14:08.7238175Z","5,5653353","7","424435712","327892992","9932","6352","msedgewebview2.exe","639266507716770437","0,4375","76300288","34979840"
"5","2026-10-03T19:14:08.7238175Z","5,5653353","7","424435712","327892992","15740","6352","msedgewebview2.exe","639266507712534628","0,0625","19726336","7696384"
"5","2026-10-03T19:14:08.7238175Z","5,5653353","7","424435712","327892992","18520","17468","narro-m7-validation.exe","639266507708768255","1,734375","31752192","67104768"
"5","2026-10-03T19:14:08.7238175Z","5,5653353","7","424435712","327892992","20952","6352","msedgewebview2.exe","639266507712114276","1,34375","117862400","102887424"
"6","2026-10-03T19:14:09.8142941Z","6,6575537","7","424435712","327892992","6352","18520","msedgewebview2.exe","639266507709800786","4,8125","129470464","98885632"
"6","2026-10-03T19:14:09.8142941Z","6,6575537","7","424435712","327892992","6388","6352","msedgewebview2.exe","639266507712123828","0,328125","37421056","12521472"
"6","2026-10-03T19:14:09.8142941Z","6,6575537","7","424435712","327892992","8420","6352","msedgewebview2.exe","639266507710175624","0,0625","11902976","3817472"
"6","2026-10-03T19:14:09.8142941Z","6,6575537","7","424435712","327892992","9932","6352","msedgewebview2.exe","639266507716770437","0,4375","76300288","34979840"
"6","2026-10-03T19:14:09.8142941Z","6,6575537","7","424435712","327892992","15740","6352","msedgewebview2.exe","639266507712534628","0,0625","19726336","7696384"
"6","2026-10-03T19:14:09.8142941Z","6,6575537","7","424435712","327892992","18520","17468","narro-m7-validation.exe","639266507708768255","1,734375","31752192","67104768"
"6","2026-10-03T19:14:09.8142941Z","6,6575537","7","424435712","327892992","20952","6352","msedgewebview2.exe","639266507712114276","1,34375","117862400","102887424"
"7","2026-10-03T19:14:10.8936009Z","7,7355788","7","424435712","327892992","6352","18520","msedgewebview2.exe","639266507709800786","4,8125","129470464","98885632"
"7","2026-10-03T19:14:10.8936009Z","7,7355788","7","424435712","327892992","6388","6352","msedgewebview2.exe","639266507712123828","0,328125","37421056","12521472"
"7","2026-10-03T19:14:10.8936009Z","7,7355788","7","424435712","327892992","8420","6352","msedgewebview2.exe","639266507710175624","0,0625","11902976","3817472"
"7","2026-10-03T19:14:10.8936009Z","7,7355788","7","424435712","327892992","9932","6352","msedgewebview2.exe","639266507716770437","0,4375","76300288","34979840"
"7","2026-10-03T19:14:10.8936009Z","7,7355788","7","424435712","327892992","15740","6352","msedgewebview2.exe","639266507712534628","0,0625","19726336","7696384"
"7","2026-10-03T19:14:10.8936009Z","7,7355788","7","424435712","327892992","18520","17468","narro-m7-validation.exe","639266507708768255","1,734375","31752192","67104768"
"7","2026-10-03T19:14:10.8936009Z","7,7355788","7","424435712","327892992","20952","6352","msedgewebview2.exe","639266507712114276","1,34375","117862400","102887424"
"8","2026-10-03T19:14:11.9717390Z","8,8144044","7","424435712","327892992","6352","18520","msedgewebview2.exe","639266507709800786","4,8125","129470464","98885632"
"8","2026-10-03T19:14:11.9717390Z","8,8144044","7","424435712","327892992","6388","6352","msedgewebview2.exe","639266507712123828","0,328125","37421056","12521472"
"8","2026-10-03T19:14:11.9717390Z","8,8144044","7","424435712","327892992","8420","6352","msedgewebview2.exe","639266507710175624","0,0625","11902976","3817472"
"8","2026-10-03T19:14:11.9717390Z","8,8144044","7","424435712","327892992","9932","6352","msedgewebview2.exe","639266507716770437","0,4375","76300288","34979840"
"8","2026-10-03T19:14:11.9717390Z","8,8144044","7","424435712","327892992","15740","6352","msedgewebview2.exe","639266507712534628","0,0625","19726336","7696384"
"8","2026-10-03T19:14:11.9717390Z","8,8144044","7","424435712","327892992","18520","17468","narro-m7-validation.exe","639266507708768255","1,734375","31752192","67104768"
"8","2026-10-03T19:14:11.9717390Z","8,8144044","7","424435712","327892992","20952","6352","msedgewebview2.exe","639266507712114276","1,34375","117862400","102887424"
"9","2026-10-03T19:14:13.0600207Z","9,901415","7","424435712","327892992","6352","18520","msedgewebview2.exe","639266507709800786","4,8125","129470464","98885632"
"9","2026-10-03T19:14:13.0600207Z","9,901415","7","424435712","327892992","6388","6352","msedgewebview2.exe","639266507712123828","0,328125","37421056","12521472"
"9","2026-10-03T19:14:13.0600207Z","9,901415","7","424435712","327892992","8420","6352","msedgewebview2.exe","639266507710175624","0,0625","11902976","3817472"
"9","2026-10-03T19:14:13.0600207Z","9,901415","7","424435712","327892992","9932","6352","msedgewebview2.exe","639266507716770437","0,4375","76300288","34979840"
"9","2026-10-03T19:14:13.0600207Z","9,901415","7","424435712","327892992","15740","6352","msedgewebview2.exe","639266507712534628","0,0625","19726336","7696384"
"9","2026-10-03T19:14:13.0600207Z","9,901415","7","424435712","327892992","18520","17468","narro-m7-validation.exe","639266507708768255","1,734375","31752192","67104768"
"9","2026-10-03T19:14:13.0600207Z","9,901415","7","424435712","327892992","20952","6352","msedgewebview2.exe","639266507712114276","1,34375","117862400","102887424"
"10","2026-10-03T19:14:14.1528971Z","10,993638","7","424435712","327892992","6352","18520","msedgewebview2.exe","639266507709800786","4,8125","129470464","98885632"
"10","2026-10-03T19:14:14.1528971Z","10,993638","7","424435712","327892992","6388","6352","msedgewebview2.exe","639266507712123828","0,328125","37421056","12521472"
"10","2026-10-03T19:14:14.1528971Z","10,993638","7","424435712","327892992","8420","6352","msedgewebview2.exe","639266507710175624","0,0625","11902976","3817472"
"10","2026-10-03T19:14:14.1528971Z","10,993638","7","424435712","327892992","9932","6352","msedgewebview2.exe","639266507716770437","0,4375","76300288","34979840"
"10","2026-10-03T19:14:14.1528971Z","10,993638","7","424435712","327892992","15740","6352","msedgewebview2.exe","639266507712534628","0,0625","19726336","7696384"
"10","2026-10-03T19:14:14.1528971Z","10,993638","7","424435712","327892992","18520","17468","narro-m7-validation.exe","639266507708768255","1,734375","31752192","67104768"
"10","2026-10-03T19:14:14.1528971Z","10,993638","7","424435712","327892992","20952","6352","msedgewebview2.exe","639266507712114276","1,34375","117862400","102887424"
"11","2026-10-03T19:14:15.2306195Z","12,0746375","7","424435712","327892992","6352","18520","msedgewebview2.exe","639266507709800786","4,8125","129470464","98885632"
"11","2026-10-03T19:14:15.2306195Z","12,0746375","7","424435712","327892992","6388","6352","msedgewebview2.exe","639266507712123828","0,328125","37421056","12521472"
"11","2026-10-03T19:14:15.2306195Z","12,0746375","7","424435712","327892992","8420","6352","msedgewebview2.exe","639266507710175624","0,0625","11902976","3817472"
"11","2026-10-03T19:14:15.2306195Z","12,0746375","7","424435712","327892992","9932","6352","msedgewebview2.exe","639266507716770437","0,4375","76300288","34979840"
"11","2026-10-03T19:14:15.2306195Z","12,0746375","7","424435712","327892992","15740","6352","msedgewebview2.exe","639266507712534628","0,0625","19726336","7696384"
"11","2026-10-03T19:14:15.2306195Z","12,0746375","7","424435712","327892992","18520","17468","narro-m7-validation.exe","639266507708768255","1,734375","31752192","67104768"
"11","2026-10-03T19:14:15.2306195Z","12,0746375","7","424435712","327892992","20952","6352","msedgewebview2.exe","639266507712114276","1,34375","117862400","102887424"
"12","2026-10-03T19:14:16.3221795Z","13,1647825","7","424435712","327892992","6352","18520","msedgewebview2.exe","639266507709800786","4,8125","129470464","98885632"
"12","2026-10-03T19:14:16.3221795Z","13,1647825","7","424435712","327892992","6388","6352","msedgewebview2.exe","639266507712123828","0,328125","37421056","12521472"
"12","2026-10-03T19:14:16.3221795Z","13,1647825","7","424435712","327892992","8420","6352","msedgewebview2.exe","639266507710175624","0,0625","11902976","3817472"
"12","2026-10-03T19:14:16.3221795Z","13,1647825","7","424435712","327892992","9932","6352","msedgewebview2.exe","639266507716770437","0,4375","76300288","34979840"
"12","2026-10-03T19:14:16.3221795Z","13,1647825","7","424435712","327892992","15740","6352","msedgewebview2.exe","639266507712534628","0,0625","19726336","7696384"
"12","2026-10-03T19:14:16.3221795Z","13,1647825","7","424435712","327892992","18520","17468","narro-m7-validation.exe","639266507708768255","1,734375","31752192","67104768"
"12","2026-10-03T19:14:16.3221795Z","13,1647825","7","424435712","327892992","20952","6352","msedgewebview2.exe","639266507712114276","1,34375","117862400","102887424"
"13","2026-10-03T19:14:17.4010065Z","14,2419657","7","424435712","327892992","6352","18520","msedgewebview2.exe","639266507709800786","4,8125","129470464","98885632"
"13","2026-10-03T19:14:17.4010065Z","14,2419657","7","424435712","327892992","6388","6352","msedgewebview2.exe","639266507712123828","0,328125","37421056","12521472"
"13","2026-10-03T19:14:17.4010065Z","14,2419657","7","424435712","327892992","8420","6352","msedgewebview2.exe","639266507710175624","0,0625","11902976","3817472"
"13","2026-10-03T19:14:17.4010065Z","14,2419657","7","424435712","327892992","9932","6352","msedgewebview2.exe","639266507716770437","0,4375","76300288","34979840"
"13","2026-10-03T19:14:17.4010065Z","14,2419657","7","424435712","327892992","15740","6352","msedgewebview2.exe","639266507712534628","0,0625","19726336","7696384"
"13","2026-10-03T19:14:17.4010065Z","14,2419657","7","424435712","327892992","18520","17468","narro-m7-validation.exe","639266507708768255","1,734375","31752192","67104768"
"13","2026-10-03T19:14:17.4010065Z","14,2419657","7","424435712","327892992","20952","6352","msedgewebview2.exe","639266507712114276","1,34375","117862400","102887424"
"14","2026-10-03T19:14:18.4826348Z","15,322199","7","424435712","327892992","6352","18520","msedgewebview2.exe","639266507709800786","4,8125","129470464","98885632"
"14","2026-10-03T19:14:18.4826348Z","15,322199","7","424435712","327892992","6388","6352","msedgewebview2.exe","639266507712123828","0,328125","37421056","12521472"
"14","2026-10-03T19:14:18.4826348Z","15,322199","7","424435712","327892992","8420","6352","msedgewebview2.exe","639266507710175624","0,0625","11902976","3817472"
"14","2026-10-03T19:14:18.4826348Z","15,322199","7","424435712","327892992","9932","6352","msedgewebview2.exe","639266507716770437","0,4375","76300288","34979840"
"14","2026-10-03T19:14:18.4826348Z","15,322199","7","424435712","327892992","15740","6352","msedgewebview2.exe","639266507712534628","0,0625","19726336","7696384"
"14","2026-10-03T19:14:18.4826348Z","15,322199","7","424435712","327892992","18520","17468","narro-m7-validation.exe","639266507708768255","1,734375","31752192","67104768"
"14","2026-10-03T19:14:18.4826348Z","15,322199","7","424435712","327892992","20952","6352","msedgewebview2.exe","639266507712114276","1,34375","117862400","102887424"
"15","2026-10-03T19:14:19.5672727Z","16,4109221","7","424435712","327892992","6352","18520","msedgewebview2.exe","639266507709800786","4,8125","129470464","98885632"
"15","2026-10-03T19:14:19.5672727Z","16,4109221","7","424435712","327892992","6388","6352","msedgewebview2.exe","639266507712123828","0,328125","37421056","12521472"
"15","2026-10-03T19:14:19.5672727Z","16,4109221","7","424435712","327892992","8420","6352","msedgewebview2.exe","639266507710175624","0,0625","11902976","3817472"
"15","2026-10-03T19:14:19.5672727Z","16,4109221","7","424435712","327892992","9932","6352","msedgewebview2.exe","639266507716770437","0,4375","76300288","34979840"
"15","2026-10-03T19:14:19.5672727Z","16,4109221","7","424435712","327892992","15740","6352","msedgewebview2.exe","639266507712534628","0,0625","19726336","7696384"
"15","2026-10-03T19:14:19.5672727Z","16,4109221","7","424435712","327892992","18520","17468","narro-m7-validation.exe","639266507708768255","1,734375","31752192","67104768"
"15","2026-10-03T19:14:19.5672727Z","16,4109221","7","424435712","327892992","20952","6352","msedgewebview2.exe","639266507712114276","1,34375","117862400","102887424"
"16","2026-10-03T19:14:20.6567359Z","17,4994254","7","424435712","327892992","6352","18520","msedgewebview2.exe","639266507709800786","4,8125","129470464","98885632"
"16","2026-10-03T19:14:20.6567359Z","17,4994254","7","424435712","327892992","6388","6352","msedgewebview2.exe","639266507712123828","0,328125","37421056","12521472"
"16","2026-10-03T19:14:20.6567359Z","17,4994254","7","424435712","327892992","8420","6352","msedgewebview2.exe","639266507710175624","0,0625","11902976","3817472"
"16","2026-10-03T19:14:20.6567359Z","17,4994254","7","424435712","327892992","9932","6352","msedgewebview2.exe","639266507716770437","0,4375","76300288","34979840"
"16","2026-10-03T19:14:20.6567359Z","17,4994254","7","424435712","327892992","15740","6352","msedgewebview2.exe","639266507712534628","0,0625","19726336","7696384"
"16","2026-10-03T19:14:20.6567359Z","17,4994254","7","424435712","327892992","18520","17468","narro-m7-validation.exe","639266507708768255","1,734375","31752192","67104768"
"16","2026-10-03T19:14:20.6567359Z","17,4994254","7","424435712","327892992","20952","6352","msedgewebview2.exe","639266507712114276","1,34375","117862400","102887424"
"17","2026-10-03T19:14:21.7477200Z","18,5893943","7","424435712","327892992","6352","18520","msedgewebview2.exe","639266507709800786","4,8125","129470464","98885632"
"17","2026-10-03T19:14:21.7477200Z","18,5893943","7","424435712","327892992","6388","6352","msedgewebview2.exe","639266507712123828","0,328125","37421056","12521472"
"17","2026-10-03T19:14:21.7477200Z","18,5893943","7","424435712","327892992","8420","6352","msedgewebview2.exe","639266507710175624","0,0625","11902976","3817472"
"17","2026-10-03T19:14:21.7477200Z","18,5893943","7","424435712","327892992","9932","6352","msedgewebview2.exe","639266507716770437","0,4375","76300288","34979840"
"17","2026-10-03T19:14:21.7477200Z","18,5893943","7","424435712","327892992","15740","6352","msedgewebview2.exe","639266507712534628","0,0625","19726336","7696384"
"17","2026-10-03T19:14:21.7477200Z","18,5893943","7","424435712","327892992","18520","17468","narro-m7-validation.exe","639266507708768255","1,734375","31752192","67104768"
"17","2026-10-03T19:14:21.7477200Z","18,5893943","7","424435712","327892992","20952","6352","msedgewebview2.exe","639266507712114276","1,34375","117862400","102887424"
"18","2026-10-03T19:14:22.8262351Z","19,6683419","7","424435712","327892992","6352","18520","msedgewebview2.exe","639266507709800786","4,8125","129470464","98885632"
"18","2026-10-03T19:14:22.8262351Z","19,6683419","7","424435712","327892992","6388","6352","msedgewebview2.exe","639266507712123828","0,328125","37421056","12521472"
"18","2026-10-03T19:14:22.8262351Z","19,6683419","7","424435712","327892992","8420","6352","msedgewebview2.exe","639266507710175624","0,0625","11902976","3817472"
"18","2026-10-03T19:14:22.8262351Z","19,6683419","7","424435712","327892992","9932","6352","msedgewebview2.exe","639266507716770437","0,4375","76300288","34979840"
"18","2026-10-03T19:14:22.8262351Z","19,6683419","7","424435712","327892992","15740","6352","msedgewebview2.exe","639266507712534628","0,0625","19726336","7696384"
"18","2026-10-03T19:14:22.8262351Z","19,6683419","7","424435712","327892992","18520","17468","narro-m7-validation.exe","639266507708768255","1,734375","31752192","67104768"
"18","2026-10-03T19:14:22.8262351Z","19,6683419","7","424435712","327892992","20952","6352","msedgewebview2.exe","639266507712114276","1,34375","117862400","102887424"
"19","2026-10-03T19:14:23.9140549Z","20,7566581","7","424435712","327892992","6352","18520","msedgewebview2.exe","639266507709800786","4,8125","129470464","98885632"
"19","2026-10-03T19:14:23.9140549Z","20,7566581","7","424435712","327892992","6388","6352","msedgewebview2.exe","639266507712123828","0,328125","37421056","12521472"
"19","2026-10-03T19:14:23.9140549Z","20,7566581","7","424435712","327892992","8420","6352","msedgewebview2.exe","639266507710175624","0,0625","11902976","3817472"
"19","2026-10-03T19:14:23.9140549Z","20,7566581","7","424435712","327892992","9932","6352","msedgewebview2.exe","639266507716770437","0,4375","76300288","34979840"
"19","2026-10-03T19:14:23.9140549Z","20,7566581","7","424435712","327892992","15740","6352","msedgewebview2.exe","639266507712534628","0,0625","19726336","7696384"
"19","2026-10-03T19:14:23.9140549Z","20,7566581","7","424435712","327892992","18520","17468","narro-m7-validation.exe","639266507708768255","1,734375","31752192","67104768"
"19","2026-10-03T19:14:23.9140549Z","20,7566581","7","424435712","327892992","20952","6352","msedgewebview2.exe","639266507712114276","1,34375","117862400","102887424"
"20","2026-10-03T19:14:25.0043642Z","21,8476102","7","424435712","327892992","6352","18520","msedgewebview2.exe","639266507709800786","4,8125","129470464","98885632"
"20","2026-10-03T19:14:25.0043642Z","21,8476102","7","424435712","327892992","6388","6352","msedgewebview2.exe","639266507712123828","0,328125","37421056","12521472"
"20","2026-10-03T19:14:25.0043642Z","21,8476102","7","424435712","327892992","8420","6352","msedgewebview2.exe","639266507710175624","0,0625","11902976","3817472"
"20","2026-10-03T19:14:25.0043642Z","21,8476102","7","424435712","327892992","9932","6352","msedgewebview2.exe","639266507716770437","0,4375","76300288","34979840"
"20","2026-10-03T19:14:25.0043642Z","21,8476102","7","424435712","327892992","15740","6352","msedgewebview2.exe","639266507712534628","0,0625","19726336","7696384"
"20","2026-10-03T19:14:25.0043642Z","21,8476102","7","424435712","327892992","18520","17468","narro-m7-validation.exe","639266507708768255","1,734375","31752192","67104768"
"20","2026-10-03T19:14:25.0043642Z","21,8476102","7","424435712","327892992","20952","6352","msedgewebview2.exe","639266507712114276","1,34375","117862400","102887424"
"21","2026-10-03T19:14:26.0933057Z","22,9375841","7","424435712","327892992","6352","18520","msedgewebview2.exe","639266507709800786","4,8125","129470464","98885632"
"21","2026-10-03T19:14:26.0933057Z","22,9375841","7","424435712","327892992","6388","6352","msedgewebview2.exe","639266507712123828","0,328125","37421056","12521472"
"21","2026-10-03T19:14:26.0933057Z","22,9375841","7","424435712","327892992","8420","6352","msedgewebview2.exe","639266507710175624","0,0625","11902976","3817472"
"21","2026-10-03T19:14:26.0933057Z","22,9375841","7","424435712","327892992","9932","6352","msedgewebview2.exe","639266507716770437","0,4375","76300288","34979840"
"21","2026-10-03T19:14:26.0933057Z","22,9375841","7","424435712","327892992","15740","6352","msedgewebview2.exe","639266507712534628","0,0625","19726336","7696384"
"21","2026-10-03T19:14:26.0933057Z","22,9375841","7","424435712","327892992","18520","17468","narro-m7-validation.exe","639266507708768255","1,734375","31752192","67104768"
"21","2026-10-03T19:14:26.0933057Z","22,9375841","7","424435712","327892992","20952","6352","msedgewebview2.exe","639266507712114276","1,34375","117862400","102887424"
"22","2026-10-03T19:14:27.1847194Z","24,0263772","7","424435712","327892992","6352","18520","msedgewebview2.exe","639266507709800786","4,8125","129470464","98885632"
"22","2026-10-03T19:14:27.1847194Z","24,0263772","7","424435712","327892992","6388","6352","msedgewebview2.exe","639266507712123828","0,328125","37421056","12521472"
"22","2026-10-03T19:14:27.1847194Z","24,0263772","7","424435712","327892992","8420","6352","msedgewebview2.exe","639266507710175624","0,0625","11902976","3817472"
"22","2026-10-03T19:14:27.1847194Z","24,0263772","7","424435712","327892992","9932","6352","msedgewebview2.exe","639266507716770437","0,4375","76300288","34979840"
"22","2026-10-03T19:14:27.1847194Z","24,0263772","7","424435712","327892992","15740","6352","msedgewebview2.exe","639266507712534628","0,0625","19726336","7696384"
"22","2026-10-03T19:14:27.1847194Z","24,0263772","7","424435712","327892992","18520","17468","narro-m7-validation.exe","639266507708768255","1,734375","31752192","67104768"
"22","2026-10-03T19:14:27.1847194Z","24,0263772","7","424435712","327892992","20952","6352","msedgewebview2.exe","639266507712114276","1,34375","117862400","102887424"
"23","2026-10-03T19:14:28.2738370Z","25,1164159","7","424435712","327892992","6352","18520","msedgewebview2.exe","639266507709800786","4,8125","129470464","98885632"
"23","2026-10-03T19:14:28.2738370Z","25,1164159","7","424435712","327892992","6388","6352","msedgewebview2.exe","639266507712123828","0,328125","37421056","12521472"
"23","2026-10-03T19:14:28.2738370Z","25,1164159","7","424435712","327892992","8420","6352","msedgewebview2.exe","639266507710175624","0,0625","11902976","3817472"
"23","2026-10-03T19:14:28.2738370Z","25,1164159","7","424435712","327892992","9932","6352","msedgewebview2.exe","639266507716770437","0,4375","76300288","34979840"
"23","2026-10-03T19:14:28.2738370Z","25,1164159","7","424435712","327892992","15740","6352","msedgewebview2.exe","639266507712534628","0,0625","19726336","7696384"
"23","2026-10-03T19:14:28.2738370Z","25,1164159","7","424435712","327892992","18520","17468","narro-m7-validation.exe","639266507708768255","1,734375","31752192","67104768"
"23","2026-10-03T19:14:28.2738370Z","25,1164159","7","424435712","327892992","20952","6352","msedgewebview2.exe","639266507712114276","1,34375","117862400","102887424"
"24","2026-10-03T19:14:29.3669811Z","26,2077696","7","424435712","327892992","6352","18520","msedgewebview2.exe","639266507709800786","4,8125","129470464","98885632"
"24","2026-10-03T19:14:29.3669811Z","26,2077696","7","424435712","327892992","6388","6352","msedgewebview2.exe","639266507712123828","0,328125","37421056","12521472"
"24","2026-10-03T19:14:29.3669811Z","26,2077696","7","424435712","327892992","8420","6352","msedgewebview2.exe","639266507710175624","0,0625","11902976","3817472"
"24","2026-10-03T19:14:29.3669811Z","26,2077696","7","424435712","327892992","9932","6352","msedgewebview2.exe","639266507716770437","0,4375","76300288","34979840"
"24","2026-10-03T19:14:29.3669811Z","26,2077696","7","424435712","327892992","15740","6352","msedgewebview2.exe","639266507712534628","0,0625","19726336","7696384"
"24","2026-10-03T19:14:29.3669811Z","26,2077696","7","424435712","327892992","18520","17468","narro-m7-validation.exe","639266507708768255","1,734375","31752192","67104768"
"24","2026-10-03T19:14:29.3669811Z","26,2077696","7","424435712","327892992","20952","6352","msedgewebview2.exe","639266507712114276","1,34375","117862400","102887424"
"25","2026-10-03T19:14:30.4532798Z","27,2968254","7","424435712","327892992","6352","18520","msedgewebview2.exe","639266507709800786","4,8125","129470464","98885632"
"25","2026-10-03T19:14:30.4532798Z","27,2968254","7","424435712","327892992","6388","6352","msedgewebview2.exe","639266507712123828","0,328125","37421056","12521472"
"25","2026-10-03T19:14:30.4532798Z","27,2968254","7","424435712","327892992","8420","6352","msedgewebview2.exe","639266507710175624","0,0625","11902976","3817472"
"25","2026-10-03T19:14:30.4532798Z","27,2968254","7","424435712","327892992","9932","6352","msedgewebview2.exe","639266507716770437","0,4375","76300288","34979840"
"25","2026-10-03T19:14:30.4532798Z","27,2968254","7","424435712","327892992","15740","6352","msedgewebview2.exe","639266507712534628","0,0625","19726336","7696384"
"25","2026-10-03T19:14:30.4532798Z","27,2968254","7","424435712","327892992","18520","17468","narro-m7-validation.exe","639266507708768255","1,734375","31752192","67104768"
"25","2026-10-03T19:14:30.4532798Z","27,2968254","7","424435712","327892992","20952","6352","msedgewebview2.exe","639266507712114276","1,34375","117862400","102887424"
"26","2026-10-03T19:14:31.5332574Z","28,3761954","7","424509440","327901184","6352","18520","msedgewebview2.exe","639266507709800786","4,8125","129548288","98922496"
"26","2026-10-03T19:14:31.5332574Z","28,3761954","7","424509440","327901184","6388","6352","msedgewebview2.exe","639266507712123828","0,328125","37408768","12492800"
"26","2026-10-03T19:14:31.5332574Z","28,3761954","7","424509440","327901184","8420","6352","msedgewebview2.exe","639266507710175624","0,0625","11902976","3817472"
"26","2026-10-03T19:14:31.5332574Z","28,3761954","7","424509440","327901184","9932","6352","msedgewebview2.exe","639266507716770437","0,4375","76300288","34979840"
"26","2026-10-03T19:14:31.5332574Z","28,3761954","7","424509440","327901184","15740","6352","msedgewebview2.exe","639266507712534628","0,0625","19726336","7696384"
"26","2026-10-03T19:14:31.5332574Z","28,3761954","7","424509440","327901184","18520","17468","narro-m7-validation.exe","639266507708768255","1,734375","31752192","67104768"
"26","2026-10-03T19:14:31.5332574Z","28,3761954","7","424509440","327901184","20952","6352","msedgewebview2.exe","639266507712114276","1,34375","117870592","102887424"
"27","2026-10-03T19:14:32.6119031Z","29,4535985","7","423485440","327852032","6352","18520","msedgewebview2.exe","639266507709800786","4,8125","128503808","98824192"
"27","2026-10-03T19:14:32.6119031Z","29,4535985","7","423485440","327852032","6388","6352","msedgewebview2.exe","639266507712123828","0,328125","37416960","12517376"
"27","2026-10-03T19:14:32.6119031Z","29,4535985","7","423485440","327852032","8420","6352","msedgewebview2.exe","639266507710175624","0,0625","11902976","3817472"
"27","2026-10-03T19:14:32.6119031Z","29,4535985","7","423485440","327852032","9932","6352","msedgewebview2.exe","639266507716770437","0,4375","76300288","34979840"
"27","2026-10-03T19:14:32.6119031Z","29,4535985","7","423485440","327852032","15740","6352","msedgewebview2.exe","639266507712534628","0,0625","19726336","7696384"
"27","2026-10-03T19:14:32.6119031Z","29,4535985","7","423485440","327852032","18520","17468","narro-m7-validation.exe","639266507708768255","1,734375","31764480","67129344"
"27","2026-10-03T19:14:32.6119031Z","29,4535985","7","423485440","327852032","20952","6352","msedgewebview2.exe","639266507712114276","1,34375","117870592","102887424"
"28","2026-10-03T19:14:33.6907939Z","30,5346159","7","423485440","327852032","6352","18520","msedgewebview2.exe","639266507709800786","4,8125","128503808","98824192"
"28","2026-10-03T19:14:33.6907939Z","30,5346159","7","423485440","327852032","6388","6352","msedgewebview2.exe","639266507712123828","0,328125","37416960","12517376"
"28","2026-10-03T19:14:33.6907939Z","30,5346159","7","423485440","327852032","8420","6352","msedgewebview2.exe","639266507710175624","0,0625","11902976","3817472"
"28","2026-10-03T19:14:33.6907939Z","30,5346159","7","423485440","327852032","9932","6352","msedgewebview2.exe","639266507716770437","0,4375","76300288","34979840"
"28","2026-10-03T19:14:33.6907939Z","30,5346159","7","423485440","327852032","15740","6352","msedgewebview2.exe","639266507712534628","0,0625","19726336","7696384"
"28","2026-10-03T19:14:33.6907939Z","30,5346159","7","423485440","327852032","18520","17468","narro-m7-validation.exe","639266507708768255","1,734375","31764480","67129344"
"28","2026-10-03T19:14:33.6907939Z","30,5346159","7","423485440","327852032","20952","6352","msedgewebview2.exe","639266507712114276","1,34375","117870592","102887424"
"29","2026-10-03T19:14:34.7866471Z","31,6258144","7","423743488","328093696","6352","18520","msedgewebview2.exe","639266507709800786","4,8125","128761856","99065856"
"29","2026-10-03T19:14:34.7866471Z","31,6258144","7","423743488","328093696","6388","6352","msedgewebview2.exe","639266507712123828","0,328125","37416960","12517376"
"29","2026-10-03T19:14:34.7866471Z","31,6258144","7","423743488","328093696","8420","6352","msedgewebview2.exe","639266507710175624","0,0625","11902976","3817472"
"29","2026-10-03T19:14:34.7866471Z","31,6258144","7","423743488","328093696","9932","6352","msedgewebview2.exe","639266507716770437","0,4375","76300288","34979840"
"29","2026-10-03T19:14:34.7866471Z","31,6258144","7","423743488","328093696","15740","6352","msedgewebview2.exe","639266507712534628","0,0625","19726336","7696384"
"29","2026-10-03T19:14:34.7866471Z","31,6258144","7","423743488","328093696","18520","17468","narro-m7-validation.exe","639266507708768255","1,734375","31764480","67129344"
"29","2026-10-03T19:14:34.7866471Z","31,6258144","7","423743488","328093696","20952","6352","msedgewebview2.exe","639266507712114276","1,34375","117870592","102887424"
"30","2026-10-03T19:14:35.8658022Z","32,7067001","7","423743488","328093696","6352","18520","msedgewebview2.exe","639266507709800786","4,8125","128761856","99065856"
"30","2026-10-03T19:14:35.8658022Z","32,7067001","7","423743488","328093696","6388","6352","msedgewebview2.exe","639266507712123828","0,328125","37416960","12517376"
"30","2026-10-03T19:14:35.8658022Z","32,7067001","7","423743488","328093696","8420","6352","msedgewebview2.exe","639266507710175624","0,0625","11902976","3817472"
"30","2026-10-03T19:14:35.8658022Z","32,7067001","7","423743488","328093696","9932","6352","msedgewebview2.exe","639266507716770437","0,4375","76300288","34979840"
"30","2026-10-03T19:14:35.8658022Z","32,7067001","7","423743488","328093696","15740","6352","msedgewebview2.exe","639266507712534628","0,0625","19726336","7696384"
"30","2026-10-03T19:14:35.8658022Z","32,7067001","7","423743488","328093696","18520","17468","narro-m7-validation.exe","639266507708768255","1,734375","31764480","67129344"
"30","2026-10-03T19:14:35.8658022Z","32,7067001","7","423743488","328093696","20952","6352","msedgewebview2.exe","639266507712114276","1,34375","117870592","102887424"
"31","2026-10-03T19:14:36.9482244Z","33,789274","7","423743488","328093696","6352","18520","msedgewebview2.exe","639266507709800786","4,8125","128761856","99065856"
"31","2026-10-03T19:14:36.9482244Z","33,789274","7","423743488","328093696","6388","6352","msedgewebview2.exe","639266507712123828","0,328125","37416960","12517376"
"31","2026-10-03T19:14:36.9482244Z","33,789274","7","423743488","328093696","8420","6352","msedgewebview2.exe","639266507710175624","0,0625","11902976","3817472"
"31","2026-10-03T19:14:36.9482244Z","33,789274","7","423743488","328093696","9932","6352","msedgewebview2.exe","639266507716770437","0,4375","76300288","34979840"
"31","2026-10-03T19:14:36.9482244Z","33,789274","7","423743488","328093696","15740","6352","msedgewebview2.exe","639266507712534628","0,0625","19726336","7696384"
"31","2026-10-03T19:14:36.9482244Z","33,789274","7","423743488","328093696","18520","17468","narro-m7-validation.exe","639266507708768255","1,734375","31764480","67129344"
"31","2026-10-03T19:14:36.9482244Z","33,789274","7","423743488","328093696","20952","6352","msedgewebview2.exe","639266507712114276","1,34375","117870592","102887424"
"32","2026-10-03T19:14:38.0421023Z","34,8812746","7","423743488","328093696","6352","18520","msedgewebview2.exe","639266507709800786","4,8125","128761856","99065856"
"32","2026-10-03T19:14:38.0421023Z","34,8812746","7","423743488","328093696","6388","6352","msedgewebview2.exe","639266507712123828","0,328125","37416960","12517376"
"32","2026-10-03T19:14:38.0421023Z","34,8812746","7","423743488","328093696","8420","6352","msedgewebview2.exe","639266507710175624","0,0625","11902976","3817472"
"32","2026-10-03T19:14:38.0421023Z","34,8812746","7","423743488","328093696","9932","6352","msedgewebview2.exe","639266507716770437","0,4375","76300288","34979840"
"32","2026-10-03T19:14:38.0421023Z","34,8812746","7","423743488","328093696","15740","6352","msedgewebview2.exe","639266507712534628","0,0625","19726336","7696384"
"32","2026-10-03T19:14:38.0421023Z","34,8812746","7","423743488","328093696","18520","17468","narro-m7-validation.exe","639266507708768255","1,734375","31764480","67129344"
"32","2026-10-03T19:14:38.0421023Z","34,8812746","7","423743488","328093696","20952","6352","msedgewebview2.exe","639266507712114276","1,34375","117870592","102887424"
"33","2026-10-03T19:14:39.1338208Z","35,9743164","7","423743488","328093696","6352","18520","msedgewebview2.exe","639266507709800786","4,8125","128761856","99065856"
"33","2026-10-03T19:14:39.1338208Z","35,9743164","7","423743488","328093696","6388","6352","msedgewebview2.exe","639266507712123828","0,328125","37416960","12517376"
"33","2026-10-03T19:14:39.1338208Z","35,9743164","7","423743488","328093696","8420","6352","msedgewebview2.exe","639266507710175624","0,0625","11902976","3817472"
"33","2026-10-03T19:14:39.1338208Z","35,9743164","7","423743488","328093696","9932","6352","msedgewebview2.exe","639266507716770437","0,4375","76300288","34979840"
"33","2026-10-03T19:14:39.1338208Z","35,9743164","7","423743488","328093696","15740","6352","msedgewebview2.exe","639266507712534628","0,0625","19726336","7696384"
"33","2026-10-03T19:14:39.1338208Z","35,9743164","7","423743488","328093696","18520","17468","narro-m7-validation.exe","639266507708768255","1,734375","31764480","67129344"
"33","2026-10-03T19:14:39.1338208Z","35,9743164","7","423743488","328093696","20952","6352","msedgewebview2.exe","639266507712114276","1,34375","117870592","102887424"
"34","2026-10-03T19:14:40.2244301Z","37,0673672","7","423485440","327852032","6352","18520","msedgewebview2.exe","639266507709800786","4,8125","128503808","98824192"
"34","2026-10-03T19:14:40.2244301Z","37,0673672","7","423485440","327852032","6388","6352","msedgewebview2.exe","639266507712123828","0,328125","37416960","12517376"
"34","2026-10-03T19:14:40.2244301Z","37,0673672","7","423485440","327852032","8420","6352","msedgewebview2.exe","639266507710175624","0,0625","11902976","3817472"
"34","2026-10-03T19:14:40.2244301Z","37,0673672","7","423485440","327852032","9932","6352","msedgewebview2.exe","639266507716770437","0,4375","76300288","34979840"
"34","2026-10-03T19:14:40.2244301Z","37,0673672","7","423485440","327852032","15740","6352","msedgewebview2.exe","639266507712534628","0,0625","19726336","7696384"
"34","2026-10-03T19:14:40.2244301Z","37,0673672","7","423485440","327852032","18520","17468","narro-m7-validation.exe","639266507708768255","1,734375","31764480","67129344"
"34","2026-10-03T19:14:40.2244301Z","37,0673672","7","423485440","327852032","20952","6352","msedgewebview2.exe","639266507712114276","1,34375","117870592","102887424"
"35","2026-10-03T19:14:41.3056459Z","38,1491292","7","423485440","327852032","6352","18520","msedgewebview2.exe","639266507709800786","4,8125","128503808","98824192"
"35","2026-10-03T19:14:41.3056459Z","38,1491292","7","423485440","327852032","6388","6352","msedgewebview2.exe","639266507712123828","0,328125","37416960","12517376"
"35","2026-10-03T19:14:41.3056459Z","38,1491292","7","423485440","327852032","8420","6352","msedgewebview2.exe","639266507710175624","0,0625","11902976","3817472"
"35","2026-10-03T19:14:41.3056459Z","38,1491292","7","423485440","327852032","9932","6352","msedgewebview2.exe","639266507716770437","0,4375","76300288","34979840"
"35","2026-10-03T19:14:41.3056459Z","38,1491292","7","423485440","327852032","15740","6352","msedgewebview2.exe","639266507712534628","0,0625","19726336","7696384"
"35","2026-10-03T19:14:41.3056459Z","38,1491292","7","423485440","327852032","18520","17468","narro-m7-validation.exe","639266507708768255","1,734375","31764480","67129344"
"35","2026-10-03T19:14:41.3056459Z","38,1491292","7","423485440","327852032","20952","6352","msedgewebview2.exe","639266507712114276","1,34375","117870592","102887424"
"36","2026-10-03T19:14:42.3837899Z","39,2276773","7","423485440","327852032","6352","18520","msedgewebview2.exe","639266507709800786","4,8125","128503808","98824192"
"36","2026-10-03T19:14:42.3837899Z","39,2276773","7","423485440","327852032","6388","6352","msedgewebview2.exe","639266507712123828","0,328125","37416960","12517376"
"36","2026-10-03T19:14:42.3837899Z","39,2276773","7","423485440","327852032","8420","6352","msedgewebview2.exe","639266507710175624","0,0625","11902976","3817472"
"36","2026-10-03T19:14:42.3837899Z","39,2276773","7","423485440","327852032","9932","6352","msedgewebview2.exe","639266507716770437","0,4375","76300288","34979840"
"36","2026-10-03T19:14:42.3837899Z","39,2276773","7","423485440","327852032","15740","6352","msedgewebview2.exe","639266507712534628","0,0625","19726336","7696384"
"36","2026-10-03T19:14:42.3837899Z","39,2276773","7","423485440","327852032","18520","17468","narro-m7-validation.exe","639266507708768255","1,734375","31764480","67129344"
"36","2026-10-03T19:14:42.3837899Z","39,2276773","7","423485440","327852032","20952","6352","msedgewebview2.exe","639266507712114276","1,34375","117870592","102887424"
"37","2026-10-03T19:14:43.4599065Z","40,3037353","7","423485440","327852032","6352","18520","msedgewebview2.exe","639266507709800786","4,8125","128503808","98824192"
"37","2026-10-03T19:14:43.4599065Z","40,3037353","7","423485440","327852032","6388","6352","msedgewebview2.exe","639266507712123828","0,328125","37416960","12517376"
"37","2026-10-03T19:14:43.4599065Z","40,3037353","7","423485440","327852032","8420","6352","msedgewebview2.exe","639266507710175624","0,0625","11902976","3817472"
"37","2026-10-03T19:14:43.4599065Z","40,3037353","7","423485440","327852032","9932","6352","msedgewebview2.exe","639266507716770437","0,4375","76300288","34979840"
"37","2026-10-03T19:14:43.4599065Z","40,3037353","7","423485440","327852032","15740","6352","msedgewebview2.exe","639266507712534628","0,0625","19726336","7696384"
"37","2026-10-03T19:14:43.4599065Z","40,3037353","7","423485440","327852032","18520","17468","narro-m7-validation.exe","639266507708768255","1,734375","31764480","67129344"
"37","2026-10-03T19:14:43.4599065Z","40,3037353","7","423485440","327852032","20952","6352","msedgewebview2.exe","639266507712114276","1,34375","117870592","102887424"
"38","2026-10-03T19:14:44.5485542Z","41,3912429","7","423485440","327852032","6352","18520","msedgewebview2.exe","639266507709800786","4,8125","128503808","98824192"
"38","2026-10-03T19:14:44.5485542Z","41,3912429","7","423485440","327852032","6388","6352","msedgewebview2.exe","639266507712123828","0,328125","37416960","12517376"
"38","2026-10-03T19:14:44.5485542Z","41,3912429","7","423485440","327852032","8420","6352","msedgewebview2.exe","639266507710175624","0,0625","11902976","3817472"
"38","2026-10-03T19:14:44.5485542Z","41,3912429","7","423485440","327852032","9932","6352","msedgewebview2.exe","639266507716770437","0,4375","76300288","34979840"
"38","2026-10-03T19:14:44.5485542Z","41,3912429","7","423485440","327852032","15740","6352","msedgewebview2.exe","639266507712534628","0,0625","19726336","7696384"
"38","2026-10-03T19:14:44.5485542Z","41,3912429","7","423485440","327852032","18520","17468","narro-m7-validation.exe","639266507708768255","1,734375","31764480","67129344"
"38","2026-10-03T19:14:44.5485542Z","41,3912429","7","423485440","327852032","20952","6352","msedgewebview2.exe","639266507712114276","1,34375","117870592","102887424"
"39","2026-10-03T19:14:45.6386779Z","42,482361","7","423485440","327852032","6352","18520","msedgewebview2.exe","639266507709800786","4,8125","128503808","98824192"
"39","2026-10-03T19:14:45.6386779Z","42,482361","7","423485440","327852032","6388","6352","msedgewebview2.exe","639266507712123828","0,328125","37416960","12517376"
"39","2026-10-03T19:14:45.6386779Z","42,482361","7","423485440","327852032","8420","6352","msedgewebview2.exe","639266507710175624","0,0625","11902976","3817472"
"39","2026-10-03T19:14:45.6386779Z","42,482361","7","423485440","327852032","9932","6352","msedgewebview2.exe","639266507716770437","0,4375","76300288","34979840"
"39","2026-10-03T19:14:45.6386779Z","42,482361","7","423485440","327852032","15740","6352","msedgewebview2.exe","639266507712534628","0,0625","19726336","7696384"
"39","2026-10-03T19:14:45.6386779Z","42,482361","7","423485440","327852032","18520","17468","narro-m7-validation.exe","639266507708768255","1,734375","31764480","67129344"
"39","2026-10-03T19:14:45.6386779Z","42,482361","7","423485440","327852032","20952","6352","msedgewebview2.exe","639266507712114276","1,34375","117870592","102887424"
"40","2026-10-03T19:14:46.7178683Z","43,5613671","7","423485440","327852032","6352","18520","msedgewebview2.exe","639266507709800786","4,8125","128503808","98824192"
"40","2026-10-03T19:14:46.7178683Z","43,5613671","7","423485440","327852032","6388","6352","msedgewebview2.exe","639266507712123828","0,328125","37416960","12517376"
"40","2026-10-03T19:14:46.7178683Z","43,5613671","7","423485440","327852032","8420","6352","msedgewebview2.exe","639266507710175624","0,0625","11902976","3817472"
"40","2026-10-03T19:14:46.7178683Z","43,5613671","7","423485440","327852032","9932","6352","msedgewebview2.exe","639266507716770437","0,4375","76300288","34979840"
"40","2026-10-03T19:14:46.7178683Z","43,5613671","7","423485440","327852032","15740","6352","msedgewebview2.exe","639266507712534628","0,0625","19726336","7696384"
"40","2026-10-03T19:14:46.7178683Z","43,5613671","7","423485440","327852032","18520","17468","narro-m7-validation.exe","639266507708768255","1,734375","31764480","67129344"
"40","2026-10-03T19:14:46.7178683Z","43,5613671","7","423485440","327852032","20952","6352","msedgewebview2.exe","639266507712114276","1,34375","117870592","102887424"
"41","2026-10-03T19:14:47.8083327Z","44,6523769","7","423485440","327852032","6352","18520","msedgewebview2.exe","639266507709800786","4,8125","128503808","98824192"
"41","2026-10-03T19:14:47.8083327Z","44,6523769","7","423485440","327852032","6388","6352","msedgewebview2.exe","639266507712123828","0,328125","37416960","12517376"
"41","2026-10-03T19:14:47.8083327Z","44,6523769","7","423485440","327852032","8420","6352","msedgewebview2.exe","639266507710175624","0,0625","11902976","3817472"
"41","2026-10-03T19:14:47.8083327Z","44,6523769","7","423485440","327852032","9932","6352","msedgewebview2.exe","639266507716770437","0,4375","76300288","34979840"
"41","2026-10-03T19:14:47.8083327Z","44,6523769","7","423485440","327852032","15740","6352","msedgewebview2.exe","639266507712534628","0,0625","19726336","7696384"
"41","2026-10-03T19:14:47.8083327Z","44,6523769","7","423485440","327852032","18520","17468","narro-m7-validation.exe","639266507708768255","1,734375","31764480","67129344"
"41","2026-10-03T19:14:47.8083327Z","44,6523769","7","423485440","327852032","20952","6352","msedgewebview2.exe","639266507712114276","1,34375","117870592","102887424"
"42","2026-10-03T19:14:48.8938880Z","45,7375434","7","423485440","327852032","6352","18520","msedgewebview2.exe","639266507709800786","4,8125","128503808","98824192"
"42","2026-10-03T19:14:48.8938880Z","45,7375434","7","423485440","327852032","6388","6352","msedgewebview2.exe","639266507712123828","0,328125","37416960","12517376"
"42","2026-10-03T19:14:48.8938880Z","45,7375434","7","423485440","327852032","8420","6352","msedgewebview2.exe","639266507710175624","0,0625","11902976","3817472"
"42","2026-10-03T19:14:48.8938880Z","45,7375434","7","423485440","327852032","9932","6352","msedgewebview2.exe","639266507716770437","0,4375","76300288","34979840"
"42","2026-10-03T19:14:48.8938880Z","45,7375434","7","423485440","327852032","15740","6352","msedgewebview2.exe","639266507712534628","0,0625","19726336","7696384"
"42","2026-10-03T19:14:48.8938880Z","45,7375434","7","423485440","327852032","18520","17468","narro-m7-validation.exe","639266507708768255","1,734375","31764480","67129344"
"42","2026-10-03T19:14:48.8938880Z","45,7375434","7","423485440","327852032","20952","6352","msedgewebview2.exe","639266507712114276","1,34375","117870592","102887424"
"43","2026-10-03T19:14:49.9815383Z","46,826376","7","423485440","327852032","6352","18520","msedgewebview2.exe","639266507709800786","4,8125","128503808","98824192"
"43","2026-10-03T19:14:49.9815383Z","46,826376","7","423485440","327852032","6388","6352","msedgewebview2.exe","639266507712123828","0,328125","37416960","12517376"
"43","2026-10-03T19:14:49.9815383Z","46,826376","7","423485440","327852032","8420","6352","msedgewebview2.exe","639266507710175624","0,0625","11902976","3817472"
"43","2026-10-03T19:14:49.9815383Z","46,826376","7","423485440","327852032","9932","6352","msedgewebview2.exe","639266507716770437","0,4375","76300288","34979840"
"43","2026-10-03T19:14:49.9815383Z","46,826376","7","423485440","327852032","15740","6352","msedgewebview2.exe","639266507712534628","0,0625","19726336","7696384"
"43","2026-10-03T19:14:49.9815383Z","46,826376","7","423485440","327852032","18520","17468","narro-m7-validation.exe","639266507708768255","1,734375","31764480","67129344"
"43","2026-10-03T19:14:49.9815383Z","46,826376","7","423485440","327852032","20952","6352","msedgewebview2.exe","639266507712114276","1,34375","117870592","102887424"
"44","2026-10-03T19:14:51.0631020Z","47,9063778","7","423485440","327852032","6352","18520","msedgewebview2.exe","639266507709800786","4,8125","128503808","98824192"
"44","2026-10-03T19:14:51.0631020Z","47,9063778","7","423485440","327852032","6388","6352","msedgewebview2.exe","639266507712123828","0,328125","37416960","12517376"
"44","2026-10-03T19:14:51.0631020Z","47,9063778","7","423485440","327852032","8420","6352","msedgewebview2.exe","639266507710175624","0,0625","11902976","3817472"
"44","2026-10-03T19:14:51.0631020Z","47,9063778","7","423485440","327852032","9932","6352","msedgewebview2.exe","639266507716770437","0,4375","76300288","34979840"
"44","2026-10-03T19:14:51.0631020Z","47,9063778","7","423485440","327852032","15740","6352","msedgewebview2.exe","639266507712534628","0,0625","19726336","7696384"
"44","2026-10-03T19:14:51.0631020Z","47,9063778","7","423485440","327852032","18520","17468","narro-m7-validation.exe","639266507708768255","1,734375","31764480","67129344"
"44","2026-10-03T19:14:51.0631020Z","47,9063778","7","423485440","327852032","20952","6352","msedgewebview2.exe","639266507712114276","1,34375","117870592","102887424"
"45","2026-10-03T19:14:52.1623333Z","48,9944967","7","423485440","327852032","6352","18520","msedgewebview2.exe","639266507709800786","4,8125","128503808","98824192"
"45","2026-10-03T19:14:52.1623333Z","48,9944967","7","423485440","327852032","6388","6352","msedgewebview2.exe","639266507712123828","0,328125","37416960","12517376"
"45","2026-10-03T19:14:52.1623333Z","48,9944967","7","423485440","327852032","8420","6352","msedgewebview2.exe","639266507710175624","0,0625","11902976","3817472"
"45","2026-10-03T19:14:52.1623333Z","48,9944967","7","423485440","327852032","9932","6352","msedgewebview2.exe","639266507716770437","0,4375","76300288","34979840"
"45","2026-10-03T19:14:52.1623333Z","48,9944967","7","423485440","327852032","15740","6352","msedgewebview2.exe","639266507712534628","0,0625","19726336","7696384"
"45","2026-10-03T19:14:52.1623333Z","48,9944967","7","423485440","327852032","18520","17468","narro-m7-validation.exe","639266507708768255","1,734375","31764480","67129344"
"45","2026-10-03T19:14:52.1623333Z","48,9944967","7","423485440","327852032","20952","6352","msedgewebview2.exe","639266507712114276","1,34375","117870592","102887424"
"46","2026-10-03T19:14:53.2709735Z","50,0962652","7","423485440","327852032","6352","18520","msedgewebview2.exe","639266507709800786","4,8125","128503808","98824192"
"46","2026-10-03T19:14:53.2709735Z","50,0962652","7","423485440","327852032","6388","6352","msedgewebview2.exe","639266507712123828","0,328125","37416960","12517376"
"46","2026-10-03T19:14:53.2709735Z","50,0962652","7","423485440","327852032","8420","6352","msedgewebview2.exe","639266507710175624","0,0625","11902976","3817472"
"46","2026-10-03T19:14:53.2709735Z","50,0962652","7","423485440","327852032","9932","6352","msedgewebview2.exe","639266507716770437","0,4375","76300288","34979840"
"46","2026-10-03T19:14:53.2709735Z","50,0962652","7","423485440","327852032","15740","6352","msedgewebview2.exe","639266507712534628","0,0625","19726336","7696384"
"46","2026-10-03T19:14:53.2709735Z","50,0962652","7","423485440","327852032","18520","17468","narro-m7-validation.exe","639266507708768255","1,734375","31764480","67129344"
"46","2026-10-03T19:14:53.2709735Z","50,0962652","7","423485440","327852032","20952","6352","msedgewebview2.exe","639266507712114276","1,34375","117870592","102887424"
"47","2026-10-03T19:14:54.3533888Z","51,1929053","7","423485440","327852032","6352","18520","msedgewebview2.exe","639266507709800786","4,8125","128503808","98824192"
"47","2026-10-03T19:14:54.3533888Z","51,1929053","7","423485440","327852032","6388","6352","msedgewebview2.exe","639266507712123828","0,328125","37416960","12517376"
"47","2026-10-03T19:14:54.3533888Z","51,1929053","7","423485440","327852032","8420","6352","msedgewebview2.exe","639266507710175624","0,0625","11902976","3817472"
"47","2026-10-03T19:14:54.3533888Z","51,1929053","7","423485440","327852032","9932","6352","msedgewebview2.exe","639266507716770437","0,4375","76300288","34979840"
"47","2026-10-03T19:14:54.3533888Z","51,1929053","7","423485440","327852032","15740","6352","msedgewebview2.exe","639266507712534628","0,0625","19726336","7696384"
"47","2026-10-03T19:14:54.3533888Z","51,1929053","7","423485440","327852032","18520","17468","narro-m7-validation.exe","639266507708768255","1,734375","31764480","67129344"
"47","2026-10-03T19:14:54.3533888Z","51,1929053","7","423485440","327852032","20952","6352","msedgewebview2.exe","639266507712114276","1,34375","117870592","102887424"
"48","2026-10-03T19:14:55.4417983Z","52,2833311","7","423485440","327852032","6352","18520","msedgewebview2.exe","639266507709800786","4,8125","128503808","98824192"
"48","2026-10-03T19:14:55.4417983Z","52,2833311","7","423485440","327852032","6388","6352","msedgewebview2.exe","639266507712123828","0,328125","37416960","12517376"
"48","2026-10-03T19:14:55.4417983Z","52,2833311","7","423485440","327852032","8420","6352","msedgewebview2.exe","639266507710175624","0,0625","11902976","3817472"
"48","2026-10-03T19:14:55.4417983Z","52,2833311","7","423485440","327852032","9932","6352","msedgewebview2.exe","639266507716770437","0,4375","76300288","34979840"
"48","2026-10-03T19:14:55.4417983Z","52,2833311","7","423485440","327852032","15740","6352","msedgewebview2.exe","639266507712534628","0,0625","19726336","7696384"
"48","2026-10-03T19:14:55.4417983Z","52,2833311","7","423485440","327852032","18520","17468","narro-m7-validation.exe","639266507708768255","1,734375","31764480","67129344"
"48","2026-10-03T19:14:55.4417983Z","52,2833311","7","423485440","327852032","20952","6352","msedgewebview2.exe","639266507712114276","1,34375","117870592","102887424"
"49","2026-10-03T19:14:56.5276007Z","53,3713571","7","423485440","327852032","6352","18520","msedgewebview2.exe","639266507709800786","4,8125","128503808","98824192"
"49","2026-10-03T19:14:56.5276007Z","53,3713571","7","423485440","327852032","6388","6352","msedgewebview2.exe","639266507712123828","0,328125","37416960","12517376"
"49","2026-10-03T19:14:56.5276007Z","53,3713571","7","423485440","327852032","8420","6352","msedgewebview2.exe","639266507710175624","0,0625","11902976","3817472"
"49","2026-10-03T19:14:56.5276007Z","53,3713571","7","423485440","327852032","9932","6352","msedgewebview2.exe","639266507716770437","0,4375","76300288","34979840"
"49","2026-10-03T19:14:56.5276007Z","53,3713571","7","423485440","327852032","15740","6352","msedgewebview2.exe","639266507712534628","0,0625","19726336","7696384"
"49","2026-10-03T19:14:56.5276007Z","53,3713571","7","423485440","327852032","18520","17468","narro-m7-validation.exe","639266507708768255","1,734375","31764480","67129344"
"49","2026-10-03T19:14:56.5276007Z","53,3713571","7","423485440","327852032","20952","6352","msedgewebview2.exe","639266507712114276","1,34375","117870592","102887424"
"50","2026-10-03T19:14:57.6087515Z","54,4523637","7","423485440","327852032","6352","18520","msedgewebview2.exe","639266507709800786","4,8125","128503808","98824192"
"50","2026-10-03T19:14:57.6087515Z","54,4523637","7","423485440","327852032","6388","6352","msedgewebview2.exe","639266507712123828","0,328125","37416960","12517376"
"50","2026-10-03T19:14:57.6087515Z","54,4523637","7","423485440","327852032","8420","6352","msedgewebview2.exe","639266507710175624","0,0625","11902976","3817472"
"50","2026-10-03T19:14:57.6087515Z","54,4523637","7","423485440","327852032","9932","6352","msedgewebview2.exe","639266507716770437","0,4375","76300288","34979840"
"50","2026-10-03T19:14:57.6087515Z","54,4523637","7","423485440","327852032","15740","6352","msedgewebview2.exe","639266507712534628","0,0625","19726336","7696384"
"50","2026-10-03T19:14:57.6087515Z","54,4523637","7","423485440","327852032","18520","17468","narro-m7-validation.exe","639266507708768255","1,734375","31764480","67129344"
"50","2026-10-03T19:14:57.6087515Z","54,4523637","7","423485440","327852032","20952","6352","msedgewebview2.exe","639266507712114276","1,34375","117870592","102887424"
"51","2026-10-03T19:14:58.6962930Z","55,5401937","7","423485440","327852032","6352","18520","msedgewebview2.exe","639266507709800786","4,8125","128503808","98824192"
"51","2026-10-03T19:14:58.6962930Z","55,5401937","7","423485440","327852032","6388","6352","msedgewebview2.exe","639266507712123828","0,328125","37416960","12517376"
"51","2026-10-03T19:14:58.6962930Z","55,5401937","7","423485440","327852032","8420","6352","msedgewebview2.exe","639266507710175624","0,0625","11902976","3817472"
"51","2026-10-03T19:14:58.6962930Z","55,5401937","7","423485440","327852032","9932","6352","msedgewebview2.exe","639266507716770437","0,4375","76300288","34979840"
"51","2026-10-03T19:14:58.6962930Z","55,5401937","7","423485440","327852032","15740","6352","msedgewebview2.exe","639266507712534628","0,0625","19726336","7696384"
"51","2026-10-03T19:14:58.6962930Z","55,5401937","7","423485440","327852032","18520","17468","narro-m7-validation.exe","639266507708768255","1,734375","31764480","67129344"
"51","2026-10-03T19:14:58.6962930Z","55,5401937","7","423485440","327852032","20952","6352","msedgewebview2.exe","639266507712114276","1,34375","117870592","102887424"
"52","2026-10-03T19:14:59.7730927Z","56,6185565","7","423485440","327852032","6352","18520","msedgewebview2.exe","639266507709800786","4,8125","128503808","98824192"
"52","2026-10-03T19:14:59.7730927Z","56,6185565","7","423485440","327852032","6388","6352","msedgewebview2.exe","639266507712123828","0,328125","37416960","12517376"
"52","2026-10-03T19:14:59.7730927Z","56,6185565","7","423485440","327852032","8420","6352","msedgewebview2.exe","639266507710175624","0,0625","11902976","3817472"
"52","2026-10-03T19:14:59.7730927Z","56,6185565","7","423485440","327852032","9932","6352","msedgewebview2.exe","639266507716770437","0,4375","76300288","34979840"
"52","2026-10-03T19:14:59.7730927Z","56,6185565","7","423485440","327852032","15740","6352","msedgewebview2.exe","639266507712534628","0,0625","19726336","7696384"
"52","2026-10-03T19:14:59.7730927Z","56,6185565","7","423485440","327852032","18520","17468","narro-m7-validation.exe","639266507708768255","1,734375","31764480","67129344"
"52","2026-10-03T19:14:59.7730927Z","56,6185565","7","423485440","327852032","20952","6352","msedgewebview2.exe","639266507712114276","1,34375","117870592","102887424"
"53","2026-10-03T19:15:00.8525387Z","57,6963726","7","423485440","327852032","6352","18520","msedgewebview2.exe","639266507709800786","4,8125","128503808","98824192"
"53","2026-10-03T19:15:00.8525387Z","57,6963726","7","423485440","327852032","6388","6352","msedgewebview2.exe","639266507712123828","0,328125","37416960","12517376"
"53","2026-10-03T19:15:00.8525387Z","57,6963726","7","423485440","327852032","8420","6352","msedgewebview2.exe","639266507710175624","0,0625","11902976","3817472"
"53","2026-10-03T19:15:00.8525387Z","57,6963726","7","423485440","327852032","9932","6352","msedgewebview2.exe","639266507716770437","0,4375","76300288","34979840"
"53","2026-10-03T19:15:00.8525387Z","57,6963726","7","423485440","327852032","15740","6352","msedgewebview2.exe","639266507712534628","0,0625","19726336","7696384"
"53","2026-10-03T19:15:00.8525387Z","57,6963726","7","423485440","327852032","18520","17468","narro-m7-validation.exe","639266507708768255","1,734375","31764480","67129344"
"53","2026-10-03T19:15:00.8525387Z","57,6963726","7","423485440","327852032","20952","6352","msedgewebview2.exe","639266507712114276","1,34375","117870592","102887424"
"54","2026-10-03T19:15:01.9316876Z","58,7753832","7","423485440","327852032","6352","18520","msedgewebview2.exe","639266507709800786","4,8125","128503808","98824192"
"54","2026-10-03T19:15:01.9316876Z","58,7753832","7","423485440","327852032","6388","6352","msedgewebview2.exe","639266507712123828","0,328125","37416960","12517376"
"54","2026-10-03T19:15:01.9316876Z","58,7753832","7","423485440","327852032","8420","6352","msedgewebview2.exe","639266507710175624","0,0625","11902976","3817472"
"54","2026-10-03T19:15:01.9316876Z","58,7753832","7","423485440","327852032","9932","6352","msedgewebview2.exe","639266507716770437","0,4375","76300288","34979840"
"54","2026-10-03T19:15:01.9316876Z","58,7753832","7","423485440","327852032","15740","6352","msedgewebview2.exe","639266507712534628","0,0625","19726336","7696384"
"54","2026-10-03T19:15:01.9316876Z","58,7753832","7","423485440","327852032","18520","17468","narro-m7-validation.exe","639266507708768255","1,734375","31764480","67129344"
"54","2026-10-03T19:15:01.9316876Z","58,7753832","7","423485440","327852032","20952","6352","msedgewebview2.exe","639266507712114276","1,34375","117870592","102887424"
"55","2026-10-03T19:15:03.0085466Z","59,8523761","7","423497728","327880704","6352","18520","msedgewebview2.exe","639266507709800786","4,8125","128516096","98852864"
"55","2026-10-03T19:15:03.0085466Z","59,8523761","7","423497728","327880704","6388","6352","msedgewebview2.exe","639266507712123828","0,328125","37416960","12517376"
"55","2026-10-03T19:15:03.0085466Z","59,8523761","7","423497728","327880704","8420","6352","msedgewebview2.exe","639266507710175624","0,0625","11902976","3817472"
"55","2026-10-03T19:15:03.0085466Z","59,8523761","7","423497728","327880704","9932","6352","msedgewebview2.exe","639266507716770437","0,4375","76300288","34979840"
"55","2026-10-03T19:15:03.0085466Z","59,8523761","7","423497728","327880704","15740","6352","msedgewebview2.exe","639266507712534628","0,0625","19726336","7696384"
"55","2026-10-03T19:15:03.0085466Z","59,8523761","7","423497728","327880704","18520","17468","narro-m7-validation.exe","639266507708768255","1,734375","31764480","67129344"
"55","2026-10-03T19:15:03.0085466Z","59,8523761","7","423497728","327880704","20952","6352","msedgewebview2.exe","639266507712114276","1,34375","117870592","102887424"
"56","2026-10-03T19:15:04.0983439Z","60,9423547","7","423497728","327880704","6352","18520","msedgewebview2.exe","639266507709800786","4,8125","128516096","98852864"
"56","2026-10-03T19:15:04.0983439Z","60,9423547","7","423497728","327880704","6388","6352","msedgewebview2.exe","639266507712123828","0,328125","37416960","12517376"
"56","2026-10-03T19:15:04.0983439Z","60,9423547","7","423497728","327880704","8420","6352","msedgewebview2.exe","639266507710175624","0,0625","11902976","3817472"
"56","2026-10-03T19:15:04.0983439Z","60,9423547","7","423497728","327880704","9932","6352","msedgewebview2.exe","639266507716770437","0,4375","76300288","34979840"
"56","2026-10-03T19:15:04.0983439Z","60,9423547","7","423497728","327880704","15740","6352","msedgewebview2.exe","639266507712534628","0,0625","19726336","7696384"
"56","2026-10-03T19:15:04.0983439Z","60,9423547","7","423497728","327880704","18520","17468","narro-m7-validation.exe","639266507708768255","1,734375","31764480","67129344"
"56","2026-10-03T19:15:04.0983439Z","60,9423547","7","423497728","327880704","20952","6352","msedgewebview2.exe","639266507712114276","1,34375","117870592","102887424"
